<?xml version="1.0" encoding="UTF-8"?>
<krpano>

<!-- ************************ -->
<!--         Messages         -->
<!-- ************************ -->

  <data name="ja_project_title"><![CDATA[test]]></data>



  <data name="ja_pano728_title"><![CDATA[pano1_1]]></data>


  <data name="ja_pano730_title"><![CDATA[pano2_1]]></data>


  <data name="ja_pano732_title"><![CDATA[pano3_1]]></data>


  <data name="ja_pano734_title"><![CDATA[pano4_1]]></data>


  <data name="ja_pano736_title"><![CDATA[pano5_1]]></data>






  <data name="ja_prevnexttheme2prevSceneTip"><![CDATA[Previous Scene]]></data>
  <data name="ja_prevnexttheme2nextSceneTip"><![CDATA[Next Scene]]></data>
  <data name="ja_controlBar_dockedThumbnailszoomInTip"><![CDATA[Zoom in]]></data>
  <data name="ja_controlBar_dockedThumbnailszoomOutTip"><![CDATA[Zoom out]]></data>
  <data name="ja_controlBar_dockedThumbnailsmoveLeftTip"><![CDATA[Move left]]></data>
  <data name="ja_controlBar_dockedThumbnailsmoveRightTip"><![CDATA[Move right]]></data>
  <data name="ja_controlBar_dockedThumbnailsmoveUpTip"><![CDATA[Move up]]></data>
  <data name="ja_controlBar_dockedThumbnailsmoveDownTip"><![CDATA[Move down]]></data>
  <data name="ja_controlBar_dockedThumbnailsopenFsTip"><![CDATA[Enter fullscreen]]></data>
  <data name="ja_controlBar_dockedThumbnailscloseFsTip"><![CDATA[Exit fullscreen]]></data>
  <data name="ja_controlBar_dockedThumbnailsautotourOnTip"><![CDATA[Start automatic tour]]></data>
  <data name="ja_controlBar_dockedThumbnailsautotourOffTip"><![CDATA[Stop automatic tour]]></data>
  <data name="ja_controlBar_dockedThumbnailsgyroOnTip"><![CDATA[Enable gyroscope]]></data>
  <data name="ja_controlBar_dockedThumbnailsgyroOffTip"><![CDATA[Disable gyroscope]]></data>
  <data name="ja_controlBar_dockedThumbnailsgyroNotTip"><![CDATA[Gyroscope is unavailable]]></data>
  <data name="ja_controlBar_dockedThumbnailsdisplayHelpTip"><![CDATA[Show help screen]]></data>
  <data name="ja_controlBar_dockedThumbnailshideHelpTip"><![CDATA[Hide help screen]]></data>
  <data name="ja_controlBar_dockedThumbnailsdisplayControlsTip"><![CDATA[Show controls]]></data>
  <data name="ja_controlBar_dockedThumbnailshideControlsTip"><![CDATA[Hide controls]]></data>
  <data name="ja_controlBar_dockedThumbnailsctrlmodeDragTip"><![CDATA[Change control mode]]></data>
  <data name="ja_controlBar_dockedThumbnailsctrlmodeMoveTip"><![CDATA[Change control mode]]></data>
  <data name="ja_contextmenuopenFsLabel"><![CDATA[Enter Fullscreen]]></data>
  <data name="ja_contextmenucloseFsLabel"><![CDATA[Exit Fullscreen]]></data>
  <data name="ja_contextmenunormallabel"><![CDATA[Normal View]]></data>
  <data name="ja_contextmenufisheyelabel"><![CDATA[Fisheye View]]></data>
  <data name="ja_contextmenuarchitecturallabel"><![CDATA[Architectural View]]></data>
  <data name="ja_contextmenulittleplanetlabel"><![CDATA[Little Planet View]]></data>


  <data name="ja_vr_setup_hmd0"><![CDATA[SELECT YOUR HMD]]></data>
  <data name="ja_vr_setup_advanced"><![CDATA[ADVANCED SETTINGS]]></data>
  <data name="ja_vr_setup_title"><![CDATA[WEB VR SETTINGS]]></data>
  <data name="ja_vr_setup_dvn1"><![CDATA[Device:]]></data>
  <data name="ja_vr_setup_siz1"><![CDATA[Screen size:]]></data>
  <data name="ja_vr_setup_ipd1"><![CDATA[IPD:]]></data>
  <data name="ja_vr_setup_hmd1"><![CDATA[HMD:]]></data>
  <data name="ja_vr_setup_hmd3"><![CDATA[Customize]]></data>
  <data name="ja_vr_setup_cal"><![CDATA[Calibrate gyroscope]]></data>
  <data name="ja_vr_setup_sav"><![CDATA[SAVE]]></data>
  <data name="ja_vr_setup_rst"><![CDATA[RESET]]></data>
  <data name="ja_vr_setup_simple"><![CDATA[SIMPLE]]></data>
  <data name="ja_vr_setup_cls"><![CDATA[CLOSE]]></data>
  <data name="ja_vr_setup_m31"><![CDATA[HMD SETTINGS]]></data>
  <data name="ja_vr_setup_fov1"><![CDATA[FOV:]]></data>
  <data name="ja_vr_setup_dst1"><![CDATA[Distortion:]]></data>
  <data name="ja_vr_setup_d2tx"><![CDATA[Distortion 2:]]></data>
  <data name="ja_vr_setup_vig1"><![CDATA[Vignette:]]></data>
  <data name="ja_vr_setup_cac1"><![CDATA[Chromatic aberration:]]></data>
  <data name="ja_vr_setup_olp1"><![CDATA[Overlap:]]></data>
  <data name="ja_vr_setup_m35"><![CDATA[RETURN]]></data>
  <data name="ja_vr_setup_cb1"><![CDATA[GYROSCOPE]]></data>
  <data name="ja_vr_setup_cb2"><![CDATA[Place the device on a flat and[br]stable surface and tab CALIBRATE[br]to correct a gyroscope drifting.]]></data>
  <data name="ja_vr_setup_cb3"><![CDATA[CALIBRATE]]></data>
  <data name="ja_vr_setup_cb4"><![CDATA[RESET]]></data>
  <data name="ja_vr_setup_cb5"><![CDATA[RETURN]]></data>
  <data name="ja_vr_setup_cb6"><![CDATA[Calibrating...]]></data>
  <data name="ja_vr_setup_cb7"><![CDATA[Successful calibration]]></data>
  <data name="ja_vr_setup_cb8"><![CDATA[Calibration failed]]></data>
  <data name="ja_vr_setup_unavailable"><![CDATA[VR mode[br]is unavailable on your device]]></data>


















</krpano>