<?xml version="1.0" encoding="UTF-8"?>
<krpano version="1.19-pr16">

    
  <!-- Spot Style - 移動用矢印 -->


  <style name="Icon移動用矢印"
         url="%FIRSTXML%/spots/vtourskin_hotspot_user_defaultpoint0.png"
         visible="false"
         edge="center"
         zoom="true"

         onhover="onhoverIcon移動用矢印"
         onover="onoverIcon移動用矢印"
         onout="onoutIcon移動用矢印"

         height="50"
         width="50"
         />
  <action name="onhoverIcon移動用矢印">
    showtooltip('hotspot');
  </action>
  <action name="onoverIcon移動用矢印">
tween(scale, 1.2);


  </action>
  <action name="onoutIcon移動用矢印">
    hideTooltip();
    tween(scale, 1);


  </action>



<!-- ********** -->
<!-- Previous/Next Strips -->
<!-- id : prevnexttheme2 -->
<!-- ********** -->

  <style name="prevnexttheme2btn_alpha_style" 
    alpha="0.0" onover="set(alpha, 1);" onout="set(alpha, 0.0);"
    devices="desktop"
  />
  <style name="prevnexttheme2btn_alpha_style" 
    alpha="1.0"
    devices="tablet.or.mobile"
  />
  <layer name="prevnexttheme2btn_prev_pano" keep="true" align="left"
         height="102%"
         width="5%"
         type="container"
         bgcapture="true"
         bgalpha="0.20000000000000001"
         bgcolor="0xeeeeee"
         zorder="1"
         onclick="loadPreviousScene();
"
         style="prevnexttheme2btn_alpha_style"
         visible="false">
    <layer name="prevnexttheme2prevPanoramaArrow" keep="true" align="center"
         url="%FIRSTXML%/graphics/prevnextstrips/btn_scroll_left.png"
         alpha="1"
         zorder="0"
         tooltip="prevnexttheme2prevSceneTip"
         onhover="showTooltip('plugin',prevnexttheme2TooltipStyle,left);"
         onout="hideTooltip();"
         onclick="loadPreviousScene();
"
    />
  </layer>

  <layer name="prevnexttheme2btn_next_pano" keep="true" align="right"
         height="102%"
         width="5%"
         type="container"
         bgcapture="true"
         bgalpha="0.20000000000000001"
         bgcolor="0xeeeeee"
         zorder="1"
         onclick="loadNextScene();
"
         style="prevnexttheme2btn_alpha_style"
         visible="false">
    <layer name="prevnexttheme2nextPanoramaArrow" keep="true" align="center"
         url="%FIRSTXML%/graphics/prevnextstrips/btn_scroll_right.png"
         alpha="1"
         zorder="0"
         tooltip="prevnexttheme2nextSceneTip"
         onhover="showTooltip('plugin',prevnexttheme2TooltipStyle,right);"
         onout="hideTooltip();"
         onclick="loadNextScene();
"
    />
  </layer>

  <events name="prevnexttheme2hideshowcontrolsevent" 
    onTourStart="prevnexttheme2showPrevNextControls();"
    keep="true"/>
  <action name="prevnexttheme2hidePrevNextControls">
    set(layer[prevnexttheme2btn_prev_pano].visible, false);
    set(layer[prevnexttheme2btn_next_pano].visible, false);
  </action>
  <action name="prevnexttheme2showPrevNextControls">
    set(layer[prevnexttheme2btn_prev_pano].visible, true);
    set(layer[prevnexttheme2btn_next_pano].visible, true);
  </action>

<layer name="prevnexttheme2TooltipStyle"
	keep="true"
	enabled="false"
	capture="false"
	type="text"
	align="center"
	bg="false"
	bgborder="0"
	txtshadow="1.0 1.0 4.0 0x000000 1"
	css="color:#e6e6e6;font-family:Helvetica;font-weight:bold;font-size:14px;text-align:left;"
	interactivecontent="false"
	zorder="0"
	padding="2"
	xoffset="0"
	yoffset="0"
	visible="false"
	html=""
/>

<!-- ********** -->
<!-- Double Click -->
<!-- id : doubleclick -->
<!-- ********** -->
  <events name="doubleclick_events" keep="true" ondoubleclick="doubleclick_ondoubleclick"/>
  <action name="doubleclick_ondoubleclick">switchFullscreen();


  </action>
<!-- ********* -->
<!-- Gyroscope -->
<!-- ********* -->


<plugin name="gyroscope"
        url="%FIRSTXML%/graphics/gyro2.js"
        keep="true"
        devices="no-desktop.and.html5"

        onunavailable="checkGyroUnavailable();"
        sensor_mode="1"
        friction="auto"
        autocalibration="true"
        touch_mode="full"
        onavailable="delayedcall(1, checkGyroAvailability(););"
        enabled="false"
        activated="false"
        />

<events name="gyroscopeEvents" onnewpano="planarGyroscopeTest();" keep="true" />

<action name="planarGyroscopeTest">
  if(plugin[gyroscope],
    if(scene[get(xml.scene)].full360,
      set(sceneisfull360, false);
      sub(viewhfov, panoview.hmax, panoview.hmin);
      if (viewhfov == 360,
        sub(viewvfov, panoview.vmax, panoview.vmin);
        if (viewvfov == 180,
          set(sceneisfull360, true);
        );
      );
      if (sceneisfull360,
        set(plugin[gyroscope].camroll, true);
      ,
        set(plugin[gyroscope].camroll, false);
      );
    ,
      set(plugin[gyroscope].camroll, false);
    );
  );
</action>

<action name="changeGyroscopeState">
  if(plugin[gyroscope],
    if (plugin[gyroscope].isavailable,
      if(%1,
        set(plugin[gyroscope].activated,true);
      ,
        set(plugin[gyroscope].activated,false);
      );
      if (%1 != plugin[gyroscope].enabled,
        if(plugin[gyroscope].activated,
          switch(plugin[gyroscope].enabled);
        ,
          set(plugin[gyroscope].enabled, false);
        );
        if (plugin[gyroscope].enabled, events.dispatch(ongyroscopeon);, events.dispatch(ongyroscopeoff););
      );
    );
  );
</action>

<action name="checkGyroAvailability">
  if(plugin[gyroscope],
    if (plugin[gyroscope].isavailable,
      
      set(sceneisfull360, false);
      if (scene[get(xml.scene)].full360,
        sub(viewhfov, panoview.hmax, panoview.hmin);
        if (viewhfov == 360,
          sub(viewvfov, panoview.vmax, panoview.vmin);
          if (viewvfov == 180,
            set(sceneisfull360, true);
          );
        );
      );
      set(delaythegyrocheck, false);
      if (sceneisfull360 AND tour_firstlittleplanet, set(delaythegyrocheck, true));

      ifnot(delaythegyrocheck,
        switch(plugin[gyroscope].enabled);
        set(plugin[gyroscope].activated,true);
        set(tour_gyroscopedevices, true);
        events.dispatch(ongyroscopeavailable);
      ,
        delayedcall(1, checkGyroAvailability(););
      );
    ,
      set(tour_gyroscopedevices, false);
    );
    if (plugin[gyroscope].enabled, events.dispatch(ongyroscopeon);, events.dispatch(ongyroscopeoff););
  ,
    checkGyroUnavailable();
  );
</action>

<action name="checkGyroUnavailable">
  set(plugin[gyroscope].activated, false);
  set(plugin[gyroscope].enabled, false);
  set(tour_gyroscopedevices, false);
  events.dispatch(ongyroscopeunavailable);
</action>

<!-- ********** -->
<!-- Docked Thumbnails &amp; Control Bar -->
<!-- id : controlBar_dockedThumbnails -->
<!-- ********** -->

<krpano controlBar_dockedThumbnailsbarbuilt="false" controlBar_dockedThumbnailsIsOpened="false" />

<events name="controlBar_dockedThumbnailsbarevents" 
	onxmlcomplete="controlBar_dockedThumbnailsbuildMenuBar();"


	
	keep="true"/>



<action name="controlBar_dockedThumbnailsbuildMenuBar">
	ifnot (controlBar_dockedThumbnailsbarbuilt, controlBar_dockedThumbnailsbuildMenu(); set(controlBar_dockedThumbnailsbarbuilt, true););
</action>



<action name="controlBar_dockedThumbnailsbuildMenu">
	
    set(controlBar_dockedThumbnailsbutton_pos, 0);
    set(layer[controlBar_dockedThumbnailsbtn_hidecontrols].x, get(controlBar_dockedThumbnailsbutton_pos));
    inc(controlBar_dockedThumbnailsbutton_pos, 36);


      if (device.desktop,
        set(layer[controlBar_dockedThumbnailsbtn_display_help].x, get(controlBar_dockedThumbnailsbutton_pos));
        
        set(layer[controlBar_dockedThumbnailsbtn_close_help].x  , get(controlBar_dockedThumbnailsbutton_pos));
        
        inc(controlBar_dockedThumbnailsbutton_pos, 36);
      );

      if (device.fullscreensupport,
        set(layer[controlBar_dockedThumbnailsbtn_openfs].x, get(controlBar_dockedThumbnailsbutton_pos));
        set(layer[controlBar_dockedThumbnailsbtn_closefs].x, get(controlBar_dockedThumbnailsbutton_pos));
        inc(controlBar_dockedThumbnailsbutton_pos, 36);
      );




      set(layer[controlBar_dockedThumbnailsbtn_autotour_on].x , get(controlBar_dockedThumbnailsbutton_pos));
      
      set(layer[controlBar_dockedThumbnailsbtn_autotour_off].x, get(controlBar_dockedThumbnailsbutton_pos));
      
      inc(controlBar_dockedThumbnailsbutton_pos, 36);


      if (device.desktop,
        set(layer[controlBar_dockedThumbnailsbtn_ctrlmode_drag_to].x, get(controlBar_dockedThumbnailsbutton_pos));
        
        set(layer[controlBar_dockedThumbnailsbtn_ctrlmode_move_to].x, get(controlBar_dockedThumbnailsbutton_pos));
        
        inc(controlBar_dockedThumbnailsbutton_pos, 36);
      );




      if(plugin[gyroscope],
        set(controlBar_dockedThumbnailsDisplayGyroscopeButton, false);
        if (device.tablet, set(controlBar_dockedThumbnailsDisplayGyroscopeButton, true););
        if (device.mobile, set(controlBar_dockedThumbnailsDisplayGyroscopeButton, true););
        if(controlBar_dockedThumbnailsDisplayGyroscopeButton,
          set(layer[controlBar_dockedThumbnailsbtn_gyroscope_on].x, get(controlBar_dockedThumbnailsbutton_pos));
          
          set(layer[controlBar_dockedThumbnailsbtn_gyroscope_off].x, get(controlBar_dockedThumbnailsbutton_pos));
          
          set(layer[controlBar_dockedThumbnailsbtn_gyroscope_not].x, get(controlBar_dockedThumbnailsbutton_pos));
          
          inc(controlBar_dockedThumbnailsbutton_pos, 36);
        );
      );


      if (device.desktop,
        set(layer[controlBar_dockedThumbnailsbtn_right].x, get(controlBar_dockedThumbnailsbutton_pos));
        
        inc(controlBar_dockedThumbnailsbutton_pos, 36);

        set(layer[controlBar_dockedThumbnailsbtn_left].x, get(controlBar_dockedThumbnailsbutton_pos));
        
        inc(controlBar_dockedThumbnailsbutton_pos, 36);
      );

      if (device.desktop,
        set(layer[controlBar_dockedThumbnailsbtn_down].x, get(controlBar_dockedThumbnailsbutton_pos));
        
        inc(controlBar_dockedThumbnailsbutton_pos, 36);

        set(layer[controlBar_dockedThumbnailsbtn_up].x, get(controlBar_dockedThumbnailsbutton_pos));
        
        inc(controlBar_dockedThumbnailsbutton_pos, 36);
      );

      if (device.desktop,
        set(layer[controlBar_dockedThumbnailsbtn_out].x, get(controlBar_dockedThumbnailsbutton_pos));
        inc(controlBar_dockedThumbnailsbutton_pos, 36);
        set(layer[controlBar_dockedThumbnailsbtn_in].x, get(controlBar_dockedThumbnailsbutton_pos));
        inc(controlBar_dockedThumbnailsbutton_pos, 36);
      );




	
	
	
</action>

<events name="controlBar_dockedThumbnailsStartTourEvents" onTourStart="controlBar_dockedThumbnailsCallOnStartTour();" keep="true" />

<action name="controlBar_dockedThumbnailsCallOnStartTour">
	
	controlBar_dockedThumbnailsshowMenuControls();
</action>




    <layer name="controlBar_dockedThumbnails_bg"
           keep="true"
           url="%FIRSTXML%/graphics/dockedthumbscontrolbar/footer.png"
           zorder="4"
           width="100%"
           align="bottomleft"
           x="0"
           visible="false" />


    <style name="controlBar_dockedThumbnails_btn_style_on_bg"
           keep="true"
           parent="controlBar_dockedThumbnails_bg"
           crop="0|48|48|48"
           url="%FIRSTXML%/graphics/dockedthumbscontrolbar/btn_bg.png"
           align="bottomright"
           height="36"
           width="36"
           alpha="0.3"
           y="12"
           zorder="0"
           />
    <style name="controlBar_dockedThumbnails_btn_style_on_bg_off"
           keep="true"
           parent="controlBar_dockedThumbnails_bg"
           crop="0|0|48|48"
           url="%FIRSTXML%/graphics/dockedthumbscontrolbar/btn_bg.png"
           align="bottomright"
           height="36"
           width="36"
           alpha="0.3"
           y="12"
           zorder="0"
           />

    <style name="controlBar_dockedThumbnails_btn_down_style"
           keep="true"
           parent="controlBar_dockedThumbnails_bg"
                 crop="0| 0|48|48"
           onovercrop="0|48|48|48"
           ondowncrop="0|96|48|48"
           align="bottomright"
           height="36"
           width="36"
           x="0" y="12"
           zorder="1"
           onhover="showTooltip('plugin',controlBar_dockedThumbnailsmenuTooltipStyle);"
           onout="hideTooltip();"
           />

    <style name="controlBar_dockedThumbnails_btn_style"
           keep="true"
           parent="controlBar_dockedThumbnails_bg"
                 crop="0| 0|48|48"
           onovercrop="0|48|48|48"
           ondowncrop="0|96|48|48"
           align="bottomright"
           height="36"
           width="36"
           x="0" y="12"
           zorder="1"
           onhover="showTooltip('plugin',controlBar_dockedThumbnailsmenuTooltipStyle);"
           onout="hideTooltip();"
           />
    <style name="controlBar_dockedThumbnails_btn_style_off"
           keep="true"
           parent="controlBar_dockedThumbnails_bg"
           align="bottomright"
           height="36"
           width="36"
           x="0" y="12"
           zorder="1"
           onhover="showTooltip('plugin',controlBar_dockedThumbnailsmenuTooltipStyle);"
           onout="hideTooltip();"
           />


    <style name="controlBar_dockedThumbnails_btn_style_on"
            keep="true"
            parent="controlBar_dockedThumbnails_bg"
                  crop="0|48|48|48"
            onovercrop="0|48|48|48"
            ondowncrop="0|96|48|48"
            align="bottomright"
            height="36"
            width="36"
            y="12"
            zorder="1"
            onhover="showTooltip('plugin',controlBar_dockedThumbnailsmenuTooltipStyle);" 
            onout="hideTooltip();"
            />
    <style name="controlBar_dockedThumbnails_btn_style_on_off"
            keep="true"
            parent="controlBar_dockedThumbnails_bg"
            align="bottomright"
            height="36"
            width="36"
            y="12"
            zorder="1"
            onhover="showTooltip('plugin',controlBar_dockedThumbnailsmenuTooltipStyle);" 
            onout="hideTooltip();"
            />


  <events name="controlBar_dockedThumbnailsgyroscopeavailableevent"
          ongyroscopeavailable="controlBar_dockedThumbnailsupdateGyroscopeButtonsAvailability();"
          ongyroscopeunavailable="controlBar_dockedThumbnailsupdateGyroscopeButtonsAvailability();"
          ongyroscopeon="controlBar_dockedThumbnailsenableGyroscopeButtons(true);"
          ongyroscopeoff="controlBar_dockedThumbnailsenableGyroscopeButtons(false);"
          keep="true" devices="html5" />
  <krpano controlBar_dockedThumbnailsmenugyroscopeavailable="false" controlBar_dockedThumbnailsmenugyroscopeenabled="false"/>
  <action name="controlBar_dockedThumbnailsupdateGyroscopeButtonsAvailability">
    if (tour_gyroscopedevices,
      set(controlBar_dockedThumbnailsmenugyroscopeavailable, true);
      controlBar_dockedThumbnailsupdateGyroscopeButtons();
    ,
      set(controlBar_dockedThumbnailsmenugyroscopeavailable, false);
      controlBar_dockedThumbnailsupdateGyroscopeButtons();
    );
  </action>
  <action name="controlBar_dockedThumbnailsenableGyroscopeButtons">
    if (tour_gyroscopedevices,
      set(controlBar_dockedThumbnailsmenugyroscopeenabled, %1);
      controlBar_dockedThumbnailsupdateGyroscopeButtons();
    );
  </action>
	<action name="controlBar_dockedThumbnailsHideGyroscopeButtons">
		set(layer[controlBar_dockedThumbnailsbtn_gyroscope_off].visible, false);
		set(layer[controlBar_dockedThumbnailsbtn_gyroscope_on].visible, false);
		
		if('%1' == 'true' AND plugin[gyroscope],
			set(layer[controlBar_dockedThumbnailsbtn_gyroscope_not].visible, true);
			
		,
			set(layer[controlBar_dockedThumbnailsbtn_gyroscope_not].visible, false);
			
		);
	</action>
	<action name="controlBar_dockedThumbnailsShowGyroscopeButtons">
		if (controlBar_dockedThumbnailsmenugyroscopeavailable,
			if (controlBar_dockedThumbnailsmenugyroscopeenabled,
				set(layer[controlBar_dockedThumbnailsbtn_gyroscope_off].visible, true);
				set(layer[controlBar_dockedThumbnailsbtn_gyroscope_on].visible, false);
				
			,
				set(layer[controlBar_dockedThumbnailsbtn_gyroscope_off].visible, false);
				set(layer[controlBar_dockedThumbnailsbtn_gyroscope_on].visible, true);
				
			);
			set(layer[controlBar_dockedThumbnailsbtn_gyroscope_not].visible, false);
			
		,
			controlBar_dockedThumbnailsHideGyroscopeButtons(true);
		);
	</action>
	<action name="controlBar_dockedThumbnailsupdateGyroscopeButtons">
		if (tour_gyroscopedevices,
			if (controlBar_dockedThumbnailsIsOpened,
				controlBar_dockedThumbnailsShowGyroscopeButtons();
			,
				controlBar_dockedThumbnailsHideGyroscopeButtons();
			);
		,
			if (controlBar_dockedThumbnailsIsOpened,
				controlBar_dockedThumbnailsHideGyroscopeButtons(true);
			,
				controlBar_dockedThumbnailsHideGyroscopeButtons();
			);
		);
	</action>
	
    <layer name="controlBar_dockedThumbnailsbtn_gyroscope_off"
            url="%FIRSTXML%/graphics/dockedthumbscontrolbar/btn_gyroscope.png"
            style="controlBar_dockedThumbnails_btn_style_on"
            onclick="disableGyroscope();
"
            devices="html5"
            tooltip="controlBar_dockedThumbnailsgyroOffTip"
            visible="false"
            />
    <layer name="controlBar_dockedThumbnailsbtn_gyroscope_on"
            url="%FIRSTXML%/graphics/dockedthumbscontrolbar/btn_gyroscope.png"
            style="controlBar_dockedThumbnails_btn_style"
            onclick="enableGyroscope();
"
            devices="html5"
            tooltip="controlBar_dockedThumbnailsgyroOnTip"
            visible="false"
            />
    <layer name="controlBar_dockedThumbnailsbtn_gyroscope_not"
            url="%FIRSTXML%/graphics/dockedthumbscontrolbar/btn_gyroscope_off.png"
            style="controlBar_dockedThumbnails_btn_style_off"
            enabled="true"
            capture="false"
            devices="html5"
            tooltip="controlBar_dockedThumbnailsgyroNotTip"
            visible="false"
            />


	<events name="controlBar_dockedThumbnailscontrolmodechangedevent" oncontrolmodechanged="controlBar_dockedThumbnailsupdateControlModeButtons();" keep="true"/>
	<action name="controlBar_dockedThumbnailsHideControlModeButtons">
		set(layer[controlBar_dockedThumbnailsbtn_ctrlmode_move_to].visible, false);
		set(layer[controlBar_dockedThumbnailsbtn_ctrlmode_drag_to].visible, false);
		
	</action>
	<action name="controlBar_dockedThumbnailsShowControlModeButtons">
		if (tour_controlmodemousetype == "moveto",
			set(layer[controlBar_dockedThumbnailsbtn_ctrlmode_drag_to].visible, true);
			set(layer[controlBar_dockedThumbnailsbtn_ctrlmode_move_to].visible, false);
			
		,
			set(layer[controlBar_dockedThumbnailsbtn_ctrlmode_move_to].visible, true);
			set(layer[controlBar_dockedThumbnailsbtn_ctrlmode_drag_to].visible, false);
			
		);
	</action>
	<action name="controlBar_dockedThumbnailsupdateControlModeButtons">
	if (device.desktop,
		if (controlBar_dockedThumbnailsIsOpened,
			controlBar_dockedThumbnailsShowControlModeButtons();
		,
			controlBar_dockedThumbnailsHideControlModeButtons();
		);
	,
		controlBar_dockedThumbnailsHideControlModeButtons();
	);
	</action>
	
    <layer name="controlBar_dockedThumbnailsbtn_ctrlmode_move_to"
           url="%FIRSTXML%/graphics/dockedthumbscontrolbar/btn_move_to.png"
           style="controlBar_dockedThumbnails_btn_style"
           tooltip="controlBar_dockedThumbnailsctrlmodeMoveTip"
           onclick="setControlModeMoveTo();
"
           visible="false"
           devices="desktop"
           />
    <layer name="controlBar_dockedThumbnailsbtn_ctrlmode_drag_to"
           url="%FIRSTXML%/graphics/dockedthumbscontrolbar/btn_drag_to.png"
           style="controlBar_dockedThumbnails_btn_style"
           tooltip="controlBar_dockedThumbnailsctrlmodeDragTip"
           onclick="setControlModeDragTo();
"
           visible="false"
           devices="desktop"
           />

    <layer name="controlBar_dockedThumbnailsbtn_in"
           url="%FIRSTXML%/graphics/dockedthumbscontrolbar/btn_zoom_in.png"
           style="controlBar_dockedThumbnails_btn_down_style"
           ondown="viewControlZoomIn(false);"
           onup="viewControlZoomStop();
"
           tooltip="controlBar_dockedThumbnailszoomInTip"
           devices="desktop"
           visible="false"
           />
    <layer name="controlBar_dockedThumbnailsbtn_out"
           url="%FIRSTXML%/graphics/dockedthumbscontrolbar/btn_zoom_out.png"
           style="controlBar_dockedThumbnails_btn_down_style"
           ondown="viewControlZoomOut(false);
"
           onup="viewControlZoomStop();
"
           tooltip="controlBar_dockedThumbnailszoomOutTip"
           devices="desktop"
           visible="false"
           />

    <layer name="controlBar_dockedThumbnailsbtn_left"
           url="%FIRSTXML%/graphics/dockedthumbscontrolbar/btn_move_left.png"
           style="controlBar_dockedThumbnails_btn_down_style"
           ondown="viewControlMoveLeft(false);
"
           onup="viewControlMoveHoriStop();
"
            tooltip="controlBar_dockedThumbnailsmoveLeftTip"
           devices="desktop"
           visible="false"
           />
    <layer name="controlBar_dockedThumbnailsbtn_right"
           url="%FIRSTXML%/graphics/dockedthumbscontrolbar/btn_move_right.png"
           style="controlBar_dockedThumbnails_btn_down_style"
           ondown="viewControlMoveRight(false);
"
           onup="viewControlMoveHoriStop();
"
            tooltip="controlBar_dockedThumbnailsmoveRightTip"
           devices="desktop"
           visible="false"
           />

    <layer name="controlBar_dockedThumbnailsbtn_up"
           url="%FIRSTXML%/graphics/dockedthumbscontrolbar/btn_move_up.png"
           style="controlBar_dockedThumbnails_btn_down_style"
           ondown="viewControlMoveUp(false);
"
           onup="viewControlMoveVertStop();
"
            tooltip="controlBar_dockedThumbnailsmoveUpTip"
           devices="desktop"
           visible="false"
           />
    <layer name="controlBar_dockedThumbnailsbtn_down"
           url="%FIRSTXML%/graphics/dockedthumbscontrolbar/btn_move_down.png"
           style="controlBar_dockedThumbnails_btn_down_style"
           ondown="viewControlMoveDown(false);
"
           onup="viewControlMoveVertStop();
"
            tooltip="controlBar_dockedThumbnailsmoveDownTip"
           devices="desktop"
           visible="false"
           />









    <layer name="controlBar_dockedThumbnailsbtn_openfs"
           url="%FIRSTXML%/graphics/dockedthumbscontrolbar/btn_enter_fs.png"
           onclick="enterFullscreen();
"
           style="controlBar_dockedThumbnails_btn_style"
           visible="false"
           tooltip="controlBar_dockedThumbnailsopenFsTip"
           devices="fullscreensupport"
           />
    <layer name="controlBar_dockedThumbnailsbtn_closefs"
           url="%FIRSTXML%/graphics/dockedthumbscontrolbar/btn_close_fs.png"
           onclick="exitFullscreen();
"
           style="controlBar_dockedThumbnails_btn_style_on"
           visible="false"
           tooltip="controlBar_dockedThumbnailscloseFsTip"
           devices="fullscreensupport"
           />


    <layer name="controlBar_dockedThumbnailsbtn_autotour_on"
           url="%FIRSTXML%/graphics/dockedthumbscontrolbar/btn_start_automatic_tour.png"
           onclick="startautotour();
"
           style="controlBar_dockedThumbnails_btn_style"
           visible="false"
            tooltip="controlBar_dockedThumbnailsautotourOnTip"
           />
    <layer name="controlBar_dockedThumbnailsbtn_autotour_off"
           url="%FIRSTXML%/graphics/dockedthumbscontrolbar/btn_stop_automatic_tour.png"
           onclick="stopautotour();
"
           style="controlBar_dockedThumbnails_btn_style_on"
           visible="false"
           tooltip="controlBar_dockedThumbnailsautotourOffTip"
           />


    <layer name="controlBar_dockedThumbnailsbtn_display_help"
           url="%FIRSTXML%/graphics/dockedthumbscontrolbar/btn_help.png"
           onclick="controlBar_dockedThumbnailsdisplayHelp();"
           style="controlBar_dockedThumbnails_btn_style"
           tooltip="controlBar_dockedThumbnailsdisplayHelpTip"
           devices="desktop"
           visible="false"
           />
    <layer name="controlBar_dockedThumbnailsbtn_close_help"
           url="%FIRSTXML%/graphics/dockedthumbscontrolbar/btn_help.png"
           onclick="controlBar_dockedThumbnailscloseHelp();"
           style="controlBar_dockedThumbnails_btn_style_on"
           visible="false"
           tooltip="controlBar_dockedThumbnailshideHelpTip"
           devices="desktop"
           />



    <layer name="controlBar_dockedThumbnailsbtn_hidecontrols"
           url="%FIRSTXML%/graphics/dockedthumbscontrolbar/btn_hide_controls.png"
           style="controlBar_dockedThumbnails_btn_style"
           onclick="controlBar_dockedThumbnailshideMenuControls();hideTourControls();
"
           visible="false"
            tooltip="controlBar_dockedThumbnailshideControlsTip"
           />

    <layer name="controlBar_dockedThumbnailsbtn_showcontrols"
                  crop="0| 0|48|48"
            onovercrop="0|48|48|48"
            ondowncrop="0|96|48|48"
            keep="true"
            url="%FIRSTXML%/graphics/dockedthumbscontrolbar/btn_show_controls_bg.png"
            align="bottomright"
            zorder="4"
            height="36"
            width="36"
            visible="false"
            y="12"
            x="0" >
    <layer name="controlBar_dockedThumbnailsbtn_showcontrols_fg"
                  crop="0| 0|48|48"
            onovercrop="0|48|48|48"
            ondowncrop="0|96|48|48"
            onclick="controlBar_dockedThumbnailsshowMenuControls();showTourControls();
"
            onhover="showTooltip('plugin',controlBar_dockedThumbnailsmenuTooltipStyle);"
            onout="hideTooltip();"
            tooltip="controlBar_dockedThumbnailsdisplayControlsTip"
            keep="true"
            url="%FIRSTXML%/graphics/dockedthumbscontrolbar/btn_show_controls.png"
            align="center"
            height="36"
            width="36"
            />
    </layer>


<action name="controlBar_dockedThumbnailshideMenuControls">
	set(controlBar_dockedThumbnailsIsOpened, false);
	set(layer[controlBar_dockedThumbnails_bg].visible, false);
	set(layer[controlBar_dockedThumbnailsbtn_showcontrols].visible, true);
	
	set(layer[controlBar_dockedThumbnailsbtn_hidecontrols].visible, false);
	set(layer[controlBar_dockedThumbnailsbtn_in].visible, false);
	set(layer[controlBar_dockedThumbnailsbtn_out].visible, false);
	set(layer[controlBar_dockedThumbnailsbtn_right].visible, false);
	set(layer[controlBar_dockedThumbnailsbtn_left].visible, false);
	set(layer[controlBar_dockedThumbnailsbtn_down].visible, false);
	set(layer[controlBar_dockedThumbnailsbtn_up].visible, false);

		controlBar_dockedThumbnailsupdateGyroscopeButtons();
		controlBar_dockedThumbnailsupdateAutotourButtons();

		controlBar_dockedThumbnailsupdateControlModeButtons();
		controlBar_dockedThumbnailsupdateFullscreenButtons();
		controlBar_dockedThumbnailsupdateHelpButtons();
</action>
<action name="controlBar_dockedThumbnailsshowMenuControls">
	set(controlBar_dockedThumbnailsIsOpened, true);
      controlBar_dockedThumbnailsupdateFullscreenButtons();

      controlBar_dockedThumbnailsupdateAutotourButtons();
      controlBar_dockedThumbnailsupdateGyroscopeButtons();

      controlBar_dockedThumbnailsupdateControlModeButtons();
      controlBar_dockedThumbnailsupdateHelpButtons();
      set(layer[controlBar_dockedThumbnails_bg].visible, true);
	set(layer[controlBar_dockedThumbnailsbtn_showcontrols].visible, false);
	
	set(layer[controlBar_dockedThumbnailsbtn_hidecontrols].visible, true);
	set(layer[controlBar_dockedThumbnailsbtn_in].visible, true);
	set(layer[controlBar_dockedThumbnailsbtn_out].visible, true);
	set(layer[controlBar_dockedThumbnailsbtn_right].visible, true);
	set(layer[controlBar_dockedThumbnailsbtn_left].visible, true);
	set(layer[controlBar_dockedThumbnailsbtn_down].visible, true);
	set(layer[controlBar_dockedThumbnailsbtn_up].visible, true);
	
	
</action>


    <layer name="controlBar_dockedThumbnailshelpScreenBg" align="center" keep="true" onclick="controlBar_dockedThumbnailscloseHelp();"
           url="%FIRSTXML%/graphics/dockedthumbscontrolbar/help_screen_bg.png"
           visible="false"
           zorder="97"
           >
      <layer name="controlBar_dockedThumbnailshelpScreen" align="center" keep="true" onclick="controlBar_dockedThumbnailscloseHelp();" 
             url="%FIRSTXML%/graphics/dockedthumbscontrolbar/help_screen_fg.png"
             height="100%" 
             width="prop" 
             displayed="false"
             />
    </layer>
    <action name="controlBar_dockedThumbnailsdisplayHelp">
      if (device.desktop,
        set(layer[controlBar_dockedThumbnailshelpScreen].displayed, true);
        set(layer[controlBar_dockedThumbnailshelpScreenBg].visible,true);
        controlBar_dockedThumbnailsupdateHelpButtons();
      );
    </action>
    <action name="controlBar_dockedThumbnailscloseHelp">
      if (device.desktop,
        set(layer[controlBar_dockedThumbnailshelpScreen].displayed, false);
        set(layer[controlBar_dockedThumbnailshelpScreenBg].visible,false);
        controlBar_dockedThumbnailsupdateHelpButtons();
      );
    </action>
	<action name="controlBar_dockedThumbnailsHideHelpButtons">
		set(layer[controlBar_dockedThumbnailsbtn_display_help].visible, false);
		set(layer[controlBar_dockedThumbnailsbtn_close_help].visible, false);
		
	</action>
	<action name="controlBar_dockedThumbnailsShowHelpButtons">
		if (layer[controlBar_dockedThumbnailshelpScreen].displayed,
			set(layer[controlBar_dockedThumbnailsbtn_close_help].visible, true);
			set(layer[controlBar_dockedThumbnailsbtn_display_help].visible, false);
			
		,
			set(layer[controlBar_dockedThumbnailsbtn_display_help].visible, true);
			set(layer[controlBar_dockedThumbnailsbtn_close_help].visible, false);
			
		);
	</action>
	<action name="controlBar_dockedThumbnailsupdateHelpButtons">
	if (device.desktop,
		if (controlBar_dockedThumbnailsIsOpened,
			controlBar_dockedThumbnailsShowHelpButtons();
		,
			controlBar_dockedThumbnailsHideHelpButtons();
		);
	,
		controlBar_dockedThumbnailsHideHelpButtons();
	);
	</action>
    


	<events name="controlBar_dockedThumbnailsmenufullscreenchangeevent"
		onenterfullscreen="controlBar_dockedThumbnailsupdateFullscreenButtons();"
		onexitfullscreen="controlBar_dockedThumbnailsupdateFullscreenButtons();"
		keep="true"/>
	<action name="controlBar_dockedThumbnailsHideFullscreenButtons">
		set(layer[controlBar_dockedThumbnailsbtn_openfs].visible , false);
		set(layer[controlBar_dockedThumbnailsbtn_closefs].visible, false);
		
	</action>
	<action name="controlBar_dockedThumbnailsShowFullscreenButtons">
		if (device.fullscreensupport,
			if(tour_fullscreen,
				set(layer[controlBar_dockedThumbnailsbtn_openfs].visible , false);
				set(layer[controlBar_dockedThumbnailsbtn_closefs].visible, true);
				
			,
				set(layer[controlBar_dockedThumbnailsbtn_openfs].visible ,true);
				set(layer[controlBar_dockedThumbnailsbtn_closefs].visible,false);
				
			);
		,
			controlBar_dockedThumbnailsHideFullscreenButtons();
		);
	</action>
	<action name="controlBar_dockedThumbnailsupdateFullscreenButtons">
		if (controlBar_dockedThumbnailsIsOpened,
			controlBar_dockedThumbnailsShowFullscreenButtons();
		,
			controlBar_dockedThumbnailsHideFullscreenButtons();
		);
	</action>


	<events name="controlBar_dockedThumbnailsAutotourEvents"
		onstartautotour="controlBar_dockedThumbnailsupdateAutotourButtons();"
		onstopautotour="controlBar_dockedThumbnailsupdateAutotourButtons();"
		keep="true"/>
	<action name="controlBar_dockedThumbnailsHideAutotourButtons">
		set(layer[controlBar_dockedThumbnailsbtn_autotour_off].visible, false);
		set(layer[controlBar_dockedThumbnailsbtn_autotour_on].visible , false);
		
	</action>
	<action name="controlBar_dockedThumbnailsShowAutotourButtons">
		if (tour_autotourenabled == false,
			set(layer[controlBar_dockedThumbnailsbtn_autotour_off].visible, false);
			set(layer[controlBar_dockedThumbnailsbtn_autotour_on].visible , true);
			
		,
			set(layer[controlBar_dockedThumbnailsbtn_autotour_off].visible, true);
			set(layer[controlBar_dockedThumbnailsbtn_autotour_on].visible , false);
			
		);
	</action>
	<action name="controlBar_dockedThumbnailsupdateAutotourButtons">
		if (controlBar_dockedThumbnailsIsOpened,
			controlBar_dockedThumbnailsShowAutotourButtons();
		,
			controlBar_dockedThumbnailsHideAutotourButtons();
		);
	</action>


	<layer name="controlBar_dockedThumbnailsmenuTooltipStyle"
	keep="true"
	enabled="false"
	capture="false"
	type="text"
	align="center"
	bg="true"
	bgcolor="0xffffff"
	bgalpha="0.80000000000000004"
	bgborder="0"
	css="color:#555555;font-family:Times New Roman;font-weight:bold;font-size:14px;text-align:left;"
	edge="bottom"
	interactivecontent="false"
	zorder="0"
	padding="2"
	xoffset="0"
	yoffset="0"
	visible="false"
	html=""
	/>



<!-- ********** -->
<!-- Classic Thumbnails Bar -->
<!-- id : thumbnailsBar-theme02 -->
<!-- ********** -->






<layer name="thumbnailsBar_thumbnailsBar_theme02" 
	keep="true" 
	type="image" 
	visible="false"
	align="top" 
	
		width="100%" 
		height="0" 
		accuracy="1"
	
	x="0"
	y="0"
	
	url="%FIRSTXML%/graphics/classicthumbnailsbar/frame_bg.png" 
	scale9grid="10|10|80|80"
	
	zorder="5"
/>


<layer name="thumbnailBorderSource_thumbnailsBar_theme02"
	keep="true"
	visible="false"
	onloaded="loadedImages_thumbnailsBar_theme02(border);"
	url="%FIRSTXML%/graphics/classicthumbnailsbar/thumbnails_states.png" 
	offsetX="10"
	offsetY="10"
	quarterHeight="0"
/>


	
	<krpano arrow1Loaded_thumbnailsBar_theme02="false" arrow2Loaded_thumbnailsBar_theme02="false" borderLoaded_thumbnailsBar_theme02="false" thumbnailsLoadedCounter_thumbnailsBar_theme02="0" thumbsCount_thumbnailsBar_theme02="0" thumbsCounter_thumbnailsBar_theme02="0" firstInit_thumbnailsBar_theme02="false" />
	
	
	<events name="thumbnailsScrollEvents_thumbnailsBar_theme02" 
		keep="true" 
		
		onxmlcomplete="ifnot(startResize_thumbnailsBar_theme02,set(isLoaded_thumbnailsBar_theme02, true);if(isStarted_thumbnailsBar_theme02,onLoadCompleteHandler_thumbnailsBar_theme02();););"
		onTourStart="set(isStarted_thumbnailsBar_theme02, true);if(isLoaded_thumbnailsBar_theme02,onLoadCompleteHandler_thumbnailsBar_theme02(););"
		onnewpano="if(startResize_thumbnailsBar_theme02,if(firstInit_thumbnailsBar_theme02,onLoadCompleteHandler_thumbnailsBar_theme02();););"
		onresize="onResizeHandler_thumbnailsBar_theme02();"
		hidetourthumbnails="hideWithThumbnailsButton_thumbnailsBar_theme02();" 
		showtourthumbnails="showWithThumbnailsButton_thumbnailsBar_theme02();" 
		hidetourcontrols="hideWithControlsBar_thumbnailsBar_theme02();" 
		showtourcontrols="showWithControlsBar_thumbnailsBar_theme02();" 
		onenterfullscreen="delayedcall(0.2,scrollToCurrentThumb_thumbnailsBar_theme02(););"
		onexitfullscreen="delayedcall(0.2,scrollToCurrentThumb_thumbnailsBar_theme02(););"	
	/>
	
	
	<layer name="scrollAreaContainer_thumbnailsBar_theme02" 
         keep="true"
         type="container" 
         align="topleft" x="5" y="5"
         marginX="5"
         marginY="5"
         width="0" height="0"
         targetWidth="0"
         targetHeight="0"
         scrollSpeedInit="10"
         scrollSpeed="10"
         scrollSpeedMax="70"
         scrollSpeedAcceleration="20"
         parent="thumbnailsBar_thumbnailsBar_theme02"
         thumbWidth="0"
         thumbHeight="0"
         itemWidth="100"
         itemHeight="50"
         offsetX="0" offsetY="0"
         thumbSpacer="0"
         currentThumbsCount="0"
         adjustToContent="false"
         zorder="1"
         visible="false"
         ready="false">
	
		
    <layer name="thumbsScrollArea_thumbnailsBar_theme02"
           url.flash="%FIRSTXML%/graphics/scrollarea.swf"
           url.html5="%FIRSTXML%/graphics/scrollarea.js"
           align="top" x="0" y="0"
           onhover_autoscrolling="false"
           direction="h"/>
	
	</layer>
	
	
	<layer name="scrollPrevArrow_thumbnailsBar_theme02" 
         keep="true"
         type="image"
         visible="false"
         parent="thumbnailsBar_thumbnailsBar_theme02"
         targetHeight="0"
         targetWidth="0"
         zorder="2"
         onloaded="loadedImages_thumbnailsBar_theme02(arrow1);"
         url="%FIRSTXML%/graphics/classicthumbnailsbar/btn_scroll_left.png"
         align="left"
	/>
	
	
	<layer name="scrollNextArrow_thumbnailsBar_theme02" 
         keep="true"
         type="image"
         visible="false"
         parent="thumbnailsBar_thumbnailsBar_theme02"
         targetHeight="0"
         targetWidth="0"
         zorder="2"
         onloaded="loadedImages_thumbnailsBar_theme02(arrow2);"
         url="%FIRSTXML%/graphics/classicthumbnailsbar/btn_scroll_right.png"
         align="right"
	/>
	
	<action name="loadedImages_thumbnailsBar_theme02">
		if(%1 == "arrow1",
			set(arrow1Loaded_thumbnailsBar_theme02, true);
		);
		if(%1 == "arrow2",
			set(arrow2Loaded_thumbnailsBar_theme02, true);
		);
		if(%1 == "border",
			if(layer[thumbnailBorderSource_thumbnailsBar_theme02].url,
				set(borderLoaded_thumbnailsBar_theme02, true);
			);
		);
		if(%1 == "thumbnail",
			inc(thumbnailsLoadedCounter_thumbnailsBar_theme02);
		);
	</action>
	
	<action name="onLoadCompleteHandler_thumbnailsBar_theme02">
		
		set(thumbsCount_thumbnailsBar_theme02, 0);
		
		
		set(thumbsCount_thumbnailsBar_theme02, get(scene.count));
		
		
		
		
		
		
		
		loadThumbs_thumbnailsBar_theme02();
		
		if(firstInit_thumbnailsBar_theme02,
			onLoadCompleteHandlerPartThree_thumbnailsBar_theme02();
		,
			onLoadCompleteHandlerPartTwo_thumbnailsBar_theme02();
		);
	</action>
	
	<action name="onLoadCompleteHandlerPartTwo_thumbnailsBar_theme02">
		set(imgCounter_thumbnailsBar_theme02, 3);
		
		if(arrow1Loaded_thumbnailsBar_theme02,
			dec(imgCounter_thumbnailsBar_theme02);
		);
		if(arrow2Loaded_thumbnailsBar_theme02,
			dec(imgCounter_thumbnailsBar_theme02);
		);
		if(thumbsCount_thumbnailsBar_theme02 == thumbnailsLoadedCounter_thumbnailsBar_theme02,
			dec(imgCounter_thumbnailsBar_theme02);
		);
		
		if(imgCounter_thumbnailsBar_theme02 LE 0,
			stopdelayedcall(delayedCallOnLoadComplete_thumbnailsBar_theme02);
			onLoadCompleteHandlerPartThree_thumbnailsBar_theme02();
		,
			delayedcall(delayedCallOnLoadComplete_thumbnailsBar_theme02, 0.2, onLoadCompleteHandlerPartTwo_thumbnailsBar_theme02());
		);
	</action>
	
	<action name="onLoadCompleteHandlerPartThree_thumbnailsBar_theme02">
		resetMouseBehavior_thumbnailsBar_theme02();
		highlightCurrentThumb_thumbnailsBar_theme02();
		
		
		if(layer[scrollAreaContainer_thumbnailsBar_theme02].adjustToContent,
			mul(adjustWidth_thumbnailsBar_theme02, get(layer[scrollAreaContainer_thumbnailsBar_theme02].marginX), 2);
			add(adjustWidth_thumbnailsBar_theme02, get(layer[thumbsScrollArea_thumbnailsBar_theme02].width));
			mul(adjustHeight_thumbnailsBar_theme02, get(layer[scrollAreaContainer_thumbnailsBar_theme02].marginY), 2);
			add(adjustHeight_thumbnailsBar_theme02, get(layer[thumbsScrollArea_thumbnailsBar_theme02].height));
			
			
			if(adjustWidth_thumbnailsBar_theme02 GT stagewidth,
				set(adjustWidth_thumbnailsBar_theme02, get(stagewidth));
				set(layer[scrollAreaContainer_thumbnailsBar_theme02].adjustToContent, false);
			,
				if(adjustHeight_thumbnailsBar_theme02 GT stageheight,
					set(adjustHeight_thumbnailsBar_theme02, get(stageheight));
					set(layer[scrollAreaContainer_thumbnailsBar_theme02].adjustToContent, false);
				);
			);
			
			setSize_thumbnailsBar_theme02(get(adjustWidth_thumbnailsBar_theme02), get(adjustHeight_thumbnailsBar_theme02));
		);
		
		setupArrows_thumbnailsBar_theme02(true);
		
		
		if (thumbsCounter_thumbnailsBar_theme02 LE 0,
			set(layer[thumbnailsBar_thumbnailsBar_theme02].visible, false);
		);
		
		
		set(startResize_thumbnailsBar_theme02, true);
		set(firstInit_thumbnailsBar_theme02, true);
	</action>
	
	
	<action name="onResizeHandler_thumbnailsBar_theme02">
		
		delayedcall(0.1, onResizeCallback_thumbnailsBar_theme02(false); );
	</action>
	
	
	<action name="onResizeCallback_thumbnailsBar_theme02">
		if(startResize_thumbnailsBar_theme02,
			setSize_thumbnailsBar_theme02(get(layer[scrollAreaContainer_thumbnailsBar_theme02].targetWidth), get(layer[scrollAreaContainer_thumbnailsBar_theme02].targetHeight));
			setupArrows_thumbnailsBar_theme02(%1);
			
			
			if (thumbsCounter_thumbnailsBar_theme02 LE 0,
				set(layer[thumbnailsBar_thumbnailsBar_theme02].visible, false);
			);
		);
	</action>
	
	
		<action name="showWithThumbnailsButton_thumbnailsBar_theme02">
			set(layer[thumbnailsBar_thumbnailsBar_theme02].visible, true);
			onResizeCallback_thumbnailsBar_theme02(true);
		</action>
		
		<action name="hideWithThumbnailsButton_thumbnailsBar_theme02">
			set(layer[thumbnailsBar_thumbnailsBar_theme02].visible, false);
		</action>
	
	
		<action name="showWithControlsBar_thumbnailsBar_theme02">
			
				if (tour_displaythumbnails,
					set(layer[thumbnailsBar_thumbnailsBar_theme02].visible, true);
					onResizeCallback_thumbnailsBar_theme02(true);
				,
					set(layer[thumbnailsBar_thumbnailsBar_theme02].visible, false);
				);
		</action>
		
		<action name="hideWithControlsBar_thumbnailsBar_theme02">
			set(layer[thumbnailsBar_thumbnailsBar_theme02].visible, false);
		</action>
	
	
	<action name="thumbnailBorderDrawInit_thumbnailsBar_theme02">
		
		set(layer[scrollAreaContainer_thumbnailsBar_theme02].offsetX, get(layer[thumbnailBorderSource_thumbnailsBar_theme02].borderWidth));
		set(layer[scrollAreaContainer_thumbnailsBar_theme02].offsetY, get(layer[thumbnailBorderSource_thumbnailsBar_theme02].borderWidth));
		
		
		mul(totalOffsetX_thumbnailsBar_theme02, get(layer[thumbnailBorderSource_thumbnailsBar_theme02].borderWidth), 2);
		mul(totalOffsetY_thumbnailsBar_theme02, get(layer[thumbnailBorderSource_thumbnailsBar_theme02].borderWidth), 2);
		
		
		if(startResize_thumbnailsBar_theme02,
			sub(layer[scrollAreaContainer_thumbnailsBar_theme02].itemWidth, get(totalOffsetX_thumbnailsBar_theme02));
			sub(layer[scrollAreaContainer_thumbnailsBar_theme02].itemHeight, get(totalOffsetY_thumbnailsBar_theme02));
		);
		
		
		set(layer[scrollAreaContainer_thumbnailsBar_theme02].thumbWidth, get(layer[scrollAreaContainer_thumbnailsBar_theme02].itemWidth));
		set(layer[scrollAreaContainer_thumbnailsBar_theme02].thumbHeight, get(layer[scrollAreaContainer_thumbnailsBar_theme02].itemHeight));
		
		add(layer[scrollAreaContainer_thumbnailsBar_theme02].itemWidth, get(totalOffsetX_thumbnailsBar_theme02));
		add(layer[scrollAreaContainer_thumbnailsBar_theme02].itemHeight, get(totalOffsetY_thumbnailsBar_theme02));
	</action>
		
	
	<action name="thumbnailBorderImageInit_thumbnailsBar_theme02">
		
		set(layer[scrollAreaContainer_thumbnailsBar_theme02].offsetX, get(layer[thumbnailBorderSource_thumbnailsBar_theme02].offsetX));
		set(layer[scrollAreaContainer_thumbnailsBar_theme02].offsetY, get(layer[thumbnailBorderSource_thumbnailsBar_theme02].offsetY));
		
		
		mul(totalOffsetX_thumbnailsBar_theme02, get(layer[thumbnailBorderSource_thumbnailsBar_theme02].offsetX), 2);
		mul(totalOffsetY_thumbnailsBar_theme02, get(layer[thumbnailBorderSource_thumbnailsBar_theme02].offsetY), 2);
		
		
		if(startResize_thumbnailsBar_theme02,
			sub(layer[scrollAreaContainer_thumbnailsBar_theme02].itemWidth, get(totalOffsetX_thumbnailsBar_theme02));
			sub(layer[scrollAreaContainer_thumbnailsBar_theme02].itemHeight, get(totalOffsetY_thumbnailsBar_theme02));
		);
		
		
		set(layer[scrollAreaContainer_thumbnailsBar_theme02].thumbWidth, get(layer[scrollAreaContainer_thumbnailsBar_theme02].itemWidth));
		set(layer[scrollAreaContainer_thumbnailsBar_theme02].thumbHeight, get(layer[scrollAreaContainer_thumbnailsBar_theme02].itemHeight));
		
		add(layer[scrollAreaContainer_thumbnailsBar_theme02].itemWidth, get(totalOffsetX_thumbnailsBar_theme02));
		add(layer[scrollAreaContainer_thumbnailsBar_theme02].itemHeight, get(totalOffsetY_thumbnailsBar_theme02));
		
		
		div(layer[thumbnailBorderSource_thumbnailsBar_theme02].quarterHeight, get(layer[thumbnailBorderSource_thumbnailsBar_theme02].height), 4);
		
		
		set(cropX_thumbnailsBar_theme02, 0);
		set(cropY_thumbnailsBar_theme02, 0);
		set(cropW_thumbnailsBar_theme02, get(layer[thumbnailBorderSource_thumbnailsBar_theme02].width));
		set(cropH_thumbnailsBar_theme02, get(layer[thumbnailBorderSource_thumbnailsBar_theme02].quarterHeight));
		txtadd(layer[thumbnailBorderSource_thumbnailsBar_theme02].cropDefault, get(cropX_thumbnailsBar_theme02), '|', get(cropY_thumbnailsBar_theme02), '|', get(cropW_thumbnailsBar_theme02), '|', get(cropH_thumbnailsBar_theme02));

		
		add(cropY_thumbnailsBar_theme02, get(layer[thumbnailBorderSource_thumbnailsBar_theme02].quarterHeight));
		txtadd(layer[thumbnailBorderSource_thumbnailsBar_theme02].cropHover, get(cropX_thumbnailsBar_theme02), '|', get(cropY_thumbnailsBar_theme02), '|', get(cropW_thumbnailsBar_theme02), '|', get(cropH_thumbnailsBar_theme02));
		
		
		add(cropY_thumbnailsBar_theme02, get(layer[thumbnailBorderSource_thumbnailsBar_theme02].quarterHeight));
		txtadd(layer[thumbnailBorderSource_thumbnailsBar_theme02].cropSelected, get(cropX_thumbnailsBar_theme02), '|', get(cropY_thumbnailsBar_theme02), '|', get(cropW_thumbnailsBar_theme02), '|', get(cropH_thumbnailsBar_theme02));
		
		
		add(cropY_thumbnailsBar_theme02, get(layer[thumbnailBorderSource_thumbnailsBar_theme02].quarterHeight));
		txtadd(layer[thumbnailBorderSource_thumbnailsBar_theme02].cropVisited, get(cropX_thumbnailsBar_theme02), '|', get(cropY_thumbnailsBar_theme02), '|', get(cropW_thumbnailsBar_theme02), '|', get(cropH_thumbnailsBar_theme02));
		
		
		set(scaleX_thumbnailsBar_theme02, get(layer[thumbnailBorderSource_thumbnailsBar_theme02].offsetX));
		set(scaleY_thumbnailsBar_theme02, get(layer[thumbnailBorderSource_thumbnailsBar_theme02].offsetY));
		sub(scaleW_thumbnailsBar_theme02, get(layer[thumbnailBorderSource_thumbnailsBar_theme02].width), get(totalOffsetX_thumbnailsBar_theme02));
		sub(scaleH_thumbnailsBar_theme02, get(layer[thumbnailBorderSource_thumbnailsBar_theme02].quarterHeight), get(totalOffsetY_thumbnailsBar_theme02));
		txtadd(layer[thumbnailBorderSource_thumbnailsBar_theme02].scale9grid, get(scaleX_thumbnailsBar_theme02), '|', get(scaleY_thumbnailsBar_theme02), '|', get(scaleW_thumbnailsBar_theme02), '|', get(scaleH_thumbnailsBar_theme02));
	</action>
	
	
	<action name="loadThumbs_thumbnailsBar_theme02">
		if(layer[thumbnailBorderSource_thumbnailsBar_theme02].url,
			set(imgCounter_thumbnailsBar_theme02, 1);
		,
			set(imgCounter_thumbnailsBar_theme02, 0);
		);
		
		if(layer[thumbnailBorderSource_thumbnailsBar_theme02].url,
			if(borderLoaded_thumbnailsBar_theme02,
				dec(imgCounter_thumbnailsBar_theme02);
			);
		);
		
		if(imgCounter_thumbnailsBar_theme02 LE 0,
			stopdelayedcall(delayedCallOnLoadCompleteBorder_thumbnailsBar_theme02);
			loadThumbsPartTwo_thumbnailsBar_theme02();
		,
			delayedcall(delayedCallOnLoadCompleteBorder_thumbnailsBar_theme02, 0.2, loadThumbs_thumbnailsBar_theme02());
		);
	</action>
	
	<action name="loadThumbsPartTwo_thumbnailsBar_theme02">
		ifnot(layer[scrollAreaContainer_thumbnailsBar_theme02].ready,
			
			
			if(layer[thumbnailBorderSource_thumbnailsBar_theme02].url,
				thumbnailBorderImageInit_thumbnailsBar_theme02();
			,
				thumbnailBorderDrawInit_thumbnailsBar_theme02();
			);
			
			
			set(thumbsCounter_thumbnailsBar_theme02, 0);
			
			
				for( set(i_thumbnailsBar_theme02, 0), i_thumbnailsBar_theme02 LT scene.count, inc(i_thumbnailsBar_theme02),
					createThumb_thumbnailsBar_theme02(get(scene[get(i_thumbnailsBar_theme02)].name), get(scene[get(i_thumbnailsBar_theme02)].thumburl), get(i_thumbnailsBar_theme02), get(scene[get(i_thumbnailsBar_theme02)].titleid));
					inc(thumbsCounter_thumbnailsBar_theme02);
				);
			
			
			
			
			
			
			set(layer[scrollAreaContainer_thumbnailsBar_theme02].currentThumbsCount, get(thumbsCounter_thumbnailsBar_theme02));
			
			
			setSize_thumbnailsBar_theme02(get(layer[get(layer[scrollAreaContainer_thumbnailsBar_theme02].parent)].width), get(layer[get(layer[scrollAreaContainer_thumbnailsBar_theme02].parent)].height));
			
			
			set(layer[scrollAreaContainer_thumbnailsBar_theme02].visible, true);
			
			
				if (tour_displaycontrols,
					showWithControlsBar_thumbnailsBar_theme02();
				,
					hideWithControlsBar_thumbnailsBar_theme02();
				);
			
			
			set(layer[scrollAreaContainer_thumbnailsBar_theme02].ready, true);
		);
	</action>
	
	
	<action name="setSize_thumbnailsBar_theme02">
		
		
		set(layer[scrollAreaContainer_thumbnailsBar_theme02].targetWidth, %1);
		set(layer[scrollAreaContainer_thumbnailsBar_theme02].targetHeight, %2);
		
		
		set(layer[get(layer[scrollAreaContainer_thumbnailsBar_theme02].parent)].width, %1);
		set(layer[get(layer[scrollAreaContainer_thumbnailsBar_theme02].parent)].height, %2);
		layer[get(layer[scrollAreaContainer_thumbnailsBar_theme02].parent)].updatepos();
		
		
		mul(totalMarginX_thumbnailsBar_theme02, get(layer[scrollAreaContainer_thumbnailsBar_theme02].marginX), 2);
		mul(totalMarginY_thumbnailsBar_theme02, get(layer[scrollAreaContainer_thumbnailsBar_theme02].marginY), 2);
		
			add(totalPluginHeight_thumbnailsBar_theme02, get(totalMarginY_thumbnailsBar_theme02), get(layer[scrollAreaContainer_thumbnailsBar_theme02].itemHeight));
			
			
			
			if(layer[get(layer[scrollAreaContainer_thumbnailsBar_theme02].parent)].pixelheight LT totalPluginHeight_thumbnailsBar_theme02,
				set(layer[get(layer[scrollAreaContainer_thumbnailsBar_theme02].parent)].height, get(totalPluginHeight_thumbnailsBar_theme02));
			);
		
		layer[get(layer[scrollAreaContainer_thumbnailsBar_theme02].parent)].updatepos();
		
		
		sub(containerWidth_thumbnailsBar_theme02, get(layer[get(layer[scrollAreaContainer_thumbnailsBar_theme02].parent)].pixelwidth), get(totalMarginX_thumbnailsBar_theme02));
		sub(containerHeight_thumbnailsBar_theme02, get(layer[get(layer[scrollAreaContainer_thumbnailsBar_theme02].parent)].pixelheight), get(totalMarginY_thumbnailsBar_theme02));

		
		set(layer[scrollAreaContainer_thumbnailsBar_theme02].width, get(containerWidth_thumbnailsBar_theme02));
		set(layer[scrollAreaContainer_thumbnailsBar_theme02].height, get(containerHeight_thumbnailsBar_theme02));
		
		set(scrollAreaSize_thumbnailsBar_theme02, 0);
		
		
		mul(totalThumbsSpacer_thumbnailsBar_theme02, get(layer[scrollAreaContainer_thumbnailsBar_theme02].currentThumbsCount), get(layer[scrollAreaContainer_thumbnailsBar_theme02].thumbSpacer));
		sub(totalThumbsSpacer_thumbnailsBar_theme02, get(layer[scrollAreaContainer_thumbnailsBar_theme02].thumbSpacer));
		
		set(layer[get(layer[scrollAreaContainer_thumbnailsBar_theme02].parent)].visible, true);
		

			mul(scrollAreaSize_thumbnailsBar_theme02, get(layer[scrollAreaContainer_thumbnailsBar_theme02].itemWidth), get(layer[scrollAreaContainer_thumbnailsBar_theme02].currentThumbsCount));
			add(scrollAreaSize_thumbnailsBar_theme02, get(totalThumbsSpacer_thumbnailsBar_theme02));
			
			set(layer[thumbsScrollArea_thumbnailsBar_theme02].width, get(scrollAreaSize_thumbnailsBar_theme02));
			set(layer[thumbsScrollArea_thumbnailsBar_theme02].height, get(layer[scrollAreaContainer_thumbnailsBar_theme02].itemHeight));
			
			
			if(layer[scrollAreaContainer_thumbnailsBar_theme02].width LT layer[scrollAreaContainer_thumbnailsBar_theme02].itemWidth,
				set(layer[get(layer[scrollAreaContainer_thumbnailsBar_theme02].parent)].visible, false);
			,
				verifyThumbnailsBarVisibility_thumbnailsBar_theme02();
			);
			
		
		
		if(layer[get(layer[scrollAreaContainer_thumbnailsBar_theme02].parent)].width LT 0,
			set(layer[get(layer[scrollAreaContainer_thumbnailsBar_theme02].parent)].visible, false);
		);
		
	</action>
	
	
	<action name="verifyThumbnailsBarVisibility_thumbnailsBar_theme02">
		if(layer[get(layer[scrollAreaContainer_thumbnailsBar_theme02].parent)].visible,
			set(boolValue_thumbnailsBar_theme02, false);
			
			if (tour_displaythumbnails,
				if (tour_displaycontrols,
					set(boolValue_thumbnailsBar_theme02, true);
				);
			);
			
			set(layer[get(layer[scrollAreaContainer_thumbnailsBar_theme02].parent)].visible, get(boolValue_thumbnailsBar_theme02));
		);
	</action>
	
	
	<action name="createThumb_thumbnailsBar_theme02">

			add(offsetFactor_thumbnailsBar_theme02, get(layer[scrollAreaContainer_thumbnailsBar_theme02].itemWidth), get(layer[scrollAreaContainer_thumbnailsBar_theme02].thumbSpacer));
	
			mul(thumbIncPos_thumbnailsBar_theme02, %3, get(offsetFactor_thumbnailsBar_theme02));
			
			
			if(layer[thumbnailBorderSource_thumbnailsBar_theme02].url,
				add(thumbIncPos_thumbnailsBar_theme02, get(layer[scrollAreaContainer_thumbnailsBar_theme02].offsetX));
			);
			
		
		mul(negativeOffsetX_thumbnailsBar_theme02, get(layer[scrollAreaContainer_thumbnailsBar_theme02].offsetX), -1);
		mul(negativeOffsetY_thumbnailsBar_theme02, get(layer[scrollAreaContainer_thumbnailsBar_theme02].offsetY), -1);
		
		set(thumbName, 'thumb_');
		txtadd(thumbName, %1);
		txtadd(thumbName, '_thumbnailsBar_theme02');
		addlayer(get(thumbName));

		

		set(thumbBorderName, 'thumbBorder_');
		txtadd(thumbBorderName, %1);
		txtadd(thumbBorderName, '_thumbnailsBar_theme02');
		addlayer(get(thumbBorderName));
		
		
		ifnot(layer[thumbnailBorderSource_thumbnailsBar_theme02].url,
			set(layer[get(thumbBorderName)].type, container);
			set(layer[get(thumbBorderName)].parent, thumbsScrollArea_thumbnailsBar_theme02);
		);

		
		set(layer[get(thumbName)].onloaded, loadedImages_thumbnailsBar_theme02("thumbnail"););
		set(layer[get(thumbName)].url, %2);
		set(layer[get(thumbName)].keep, true);
		set(layer[get(thumbName)].width, get(layer[scrollAreaContainer_thumbnailsBar_theme02].thumbWidth));
		set(layer[get(thumbName)].height, get(layer[scrollAreaContainer_thumbnailsBar_theme02].thumbHeight));
		set(layer[get(thumbName)].align, topleft);
		
		
			set(layer[get(thumbName)].y, get(layer[scrollAreaContainer_thumbnailsBar_theme02].offsetY));
		
			if(layer[thumbnailBorderSource_thumbnailsBar_theme02].url,
				set(layer[get(thumbName)].parent, thumbsScrollArea_thumbnailsBar_theme02);
				set(layer[get(thumbName)].x, get(thumbIncPos_thumbnailsBar_theme02));
			,
				set(layer[get(thumbName)].parent, get(thumbBorderName));
				set(layer[get(thumbName)].x, get(layer[scrollAreaContainer_thumbnailsBar_theme02].offsetX));
				set(layer[get(thumbName)].onclick, resetMouseBehavior_thumbnailsBar_theme02(); mainloadscene(%1); delayedcall(0.1,highlightThumb_thumbnailsBar_theme02(%1)));
			);	
			
		
		
		set(layer[get(thumbBorderName)].keep, true);
		set(layer[get(thumbBorderName)].width, get(layer[scrollAreaContainer_thumbnailsBar_theme02].itemWidth));
		set(layer[get(thumbBorderName)].height, get(layer[scrollAreaContainer_thumbnailsBar_theme02].itemHeight));
		set(layer[get(thumbBorderName)].align, topleft);
		
		if(layer[thumbnailBorderSource_thumbnailsBar_theme02].url,
			set(layer[get(thumbBorderName)].url, get(layer[thumbnailBorderSource_thumbnailsBar_theme02].url));
			set(layer[get(thumbBorderName)].scale9grid, get(layer[thumbnailBorderSource_thumbnailsBar_theme02].scale9grid));
			set(layer[get(thumbBorderName)].parent, get(thumbName));
			set(layer[get(thumbBorderName)].x, get(negativeOffsetX_thumbnailsBar_theme02));
			set(layer[get(thumbBorderName)].y, get(negativeOffsetY_thumbnailsBar_theme02));
			set(layer[get(thumbBorderName)].onclick, resetMouseBehavior_thumbnailsBar_theme02(); mainloadscene(%1); delayedcall(0.1,highlightThumb_thumbnailsBar_theme02(%1)));
		,
			
				set(layer[get(thumbBorderName)].x, get(thumbIncPos_thumbnailsBar_theme02)); 
				
		);


		
		setupMouseBehavior_thumbnailsBar_theme02(%1, %4);
		
	</action>
	
	
	
	<action name="removeThumb_thumbnailsBar_theme02">
		set(thumbName, 'thumb_');
		txtadd(thumbName, %1);
		txtadd(thumbName, '_thumbnailsBar_theme02');
		removelayer(get(thumbName));
		
		set(thumbBorderName, 'thumbBorder_');
		txtadd(thumbBorderName, %1);
		txtadd(thumbBorderName, '_thumbnailsBar_theme02');
		removelayer(get(thumbBorderName));


	</action>
	
	
	
	<action name="setupArrows_thumbnailsBar_theme02">
		
		if(layer[scrollAreaContainer_thumbnailsBar_theme02].adjustToContent,
			hideArrows_thumbnailsBar_theme02();
		,
			ifnot(device.touchdevice,
				
					if(layer[scrollAreaContainer_thumbnailsBar_theme02].width LT layer[thumbsScrollArea_thumbnailsBar_theme02].width,
				
					showArrows_thumbnailsBar_theme02();
				,
					hideArrows_thumbnailsBar_theme02();
				);
			,
				hideArrows_thumbnailsBar_theme02();
			);
		);
		
		
		if(%1,
			scrollToCurrentThumb_thumbnailsBar_theme02();
		);
		
		
			
			if(layer[scrollAreaContainer_thumbnailsBar_theme02].width LT layer[scrollAreaContainer_thumbnailsBar_theme02].itemWidth,
				set(layer[get(layer[scrollAreaContainer_thumbnailsBar_theme02].parent)].visible, false);
			);
	</action>
	
	
	<action name="showArrows_thumbnailsBar_theme02">
		
		
		
		
		set(layer[scrollPrevArrow_thumbnailsBar_theme02].visible, true);
		set(layer[scrollNextArrow_thumbnailsBar_theme02].visible, true);
		
		
		
			
			add(totalArrowSize_thumbnailsBar_theme02, get(layer[scrollPrevArrow_thumbnailsBar_theme02].width), get(layer[scrollNextArrow_thumbnailsBar_theme02].width));
		
			
			sub(scrollAreaContainerSize_thumbnailsBar_theme02, get(layer[get(layer[scrollAreaContainer_thumbnailsBar_theme02].parent)].pixelwidth), get(totalArrowSize_thumbnailsBar_theme02));
		
			set(layer[scrollAreaContainer_thumbnailsBar_theme02].width, get(scrollAreaContainerSize_thumbnailsBar_theme02));
			
			set(layer[scrollAreaContainer_thumbnailsBar_theme02].x, get(layer[scrollPrevArrow_thumbnailsBar_theme02].width));
			
		
		
		set(layer[scrollPrevArrow_thumbnailsBar_theme02].onhover, scrollPrev_thumbnailsBar_theme02(););
		set(layer[scrollNextArrow_thumbnailsBar_theme02].onhover, scrollNext_thumbnailsBar_theme02(););
		
		set(layer[scrollPrevArrow_thumbnailsBar_theme02].onclick, scrollPrev_thumbnailsBar_theme02(get(layer[scrollAreaContainer_thumbnailsBar_theme02].scrollSpeedAcceleration)););
		set(layer[scrollNextArrow_thumbnailsBar_theme02].onclick, scrollNext_thumbnailsBar_theme02(get(layer[scrollAreaContainer_thumbnailsBar_theme02].scrollSpeedAcceleration)););
		
		
		
		
		
		set(layer[scrollPrevArrow_thumbnailsBar_theme02].onout, set(layer[scrollAreaContainer_thumbnailsBar_theme02].scrollSpeed, get(layer[scrollAreaContainer_thumbnailsBar_theme02].scrollSpeedInit)););
		set(layer[scrollNextArrow_thumbnailsBar_theme02].onout, set(layer[scrollAreaContainer_thumbnailsBar_theme02].scrollSpeed, get(layer[scrollAreaContainer_thumbnailsBar_theme02].scrollSpeedInit)););
		
	</action>
	
	
	
	
	<action name="hideArrows_thumbnailsBar_theme02">
		
		set(layer[scrollPrevArrow_thumbnailsBar_theme02].visible, false);
		set(layer[scrollNextArrow_thumbnailsBar_theme02].visible, false);
		
		

			mul(totalMargin_thumbnailsBar_theme02, get(layer[scrollAreaContainer_thumbnailsBar_theme02].marginX), 2);
			
			sub(scrollAreaContainerSize_thumbnailsBar_theme02, get(layer[get(layer[scrollAreaContainer_thumbnailsBar_theme02].parent)].pixelwidth), get(totalMargin_thumbnailsBar_theme02));

			set(layer[scrollAreaContainer_thumbnailsBar_theme02].width, get(scrollAreaContainerSize_thumbnailsBar_theme02));
			set(layer[scrollAreaContainer_thumbnailsBar_theme02].x, get(layer[scrollAreaContainer_thumbnailsBar_theme02].marginX));
			 
			
	</action>
	
	
	<action name="scrollPrev_thumbnailsBar_theme02">
		
		
		if(%1,
			inc(layer[scrollAreaContainer_thumbnailsBar_theme02].scrollSpeed, %1);
		);
		
		layer[thumbsScrollArea_thumbnailsBar_theme02].stopscrolling();
		
		set(scrollLimit_thumbnailsBar_theme02, 0);
		
		
			
				sub(scrollLimit_thumbnailsBar_theme02, get(layer[thumbsScrollArea_thumbnailsBar_theme02].width), get(layer[scrollAreaContainer_thumbnailsBar_theme02].width));
				div(scrollLimit_thumbnailsBar_theme02, 2);
			
			add(layer[thumbsScrollArea_thumbnailsBar_theme02].x, get(layer[scrollAreaContainer_thumbnailsBar_theme02].scrollSpeed));
			if(layer[thumbsScrollArea_thumbnailsBar_theme02].x GE scrollLimit_thumbnailsBar_theme02,
				set(layer[thumbsScrollArea_thumbnailsBar_theme02].x, get(scrollLimit_thumbnailsBar_theme02));
			);
		
		if(layer[scrollAreaContainer_thumbnailsBar_theme02].scrollSpeed LT layer[scrollAreaContainer_thumbnailsBar_theme02].scrollSpeedMax,
			inc(layer[scrollAreaContainer_thumbnailsBar_theme02].scrollSpeed);
		);
		
	</action>
	
	
	<action name="scrollNext_thumbnailsBar_theme02">
		
		
		if(%1,
			inc(layer[scrollAreaContainer_thumbnailsBar_theme02].scrollSpeed, %1);
		);
		
		layer[thumbsScrollArea_thumbnailsBar_theme02].stopscrolling();
		
			
			sub(scrollLimit_thumbnailsBar_theme02, get(layer[thumbsScrollArea_thumbnailsBar_theme02].width), get(layer[scrollAreaContainer_thumbnailsBar_theme02].width));
			
				div(scrollLimit_thumbnailsBar_theme02, 2);
			mul(scrollLimit_thumbnailsBar_theme02, -1);
			
			sub(layer[thumbsScrollArea_thumbnailsBar_theme02].x, get(layer[scrollAreaContainer_thumbnailsBar_theme02].scrollSpeed));
			if(layer[thumbsScrollArea_thumbnailsBar_theme02].x LE scrollLimit_thumbnailsBar_theme02,
				set(layer[thumbsScrollArea_thumbnailsBar_theme02].x, get(scrollLimit_thumbnailsBar_theme02));
			);
		
		if(layer[scrollAreaContainer_thumbnailsBar_theme02].scrollSpeed LT layer[scrollAreaContainer_thumbnailsBar_theme02].scrollSpeedMax,
			inc(layer[scrollAreaContainer_thumbnailsBar_theme02].scrollSpeed);
		);
		
	</action>
	
	
	<action name="resetMouseBehavior_thumbnailsBar_theme02">
	
		
		
			for( set(j_thumbnailsBar_theme02, 0), j_thumbnailsBar_theme02 LT scene.count, inc(j_thumbnailsBar_theme02),
				set(thumbBorderName, 'thumbBorder_');
				txtadd(thumbBorderName, get(scene[get(j_thumbnailsBar_theme02)].name));
				txtadd(thumbBorderName, '_thumbnailsBar_theme02');
				
				setupMouseBehavior_thumbnailsBar_theme02(get(scene[get(j_thumbnailsBar_theme02)].name), get(scene[get(j_thumbnailsBar_theme02)].titleid));
			);
		
	</action>
	
	
	<action name="setupMouseBehavior_thumbnailsBar_theme02">

		set(thumbName, 'thumb_');
		txtadd(thumbName, %1);
		txtadd(thumbName, '_thumbnailsBar_theme02');
		
		set(thumbBorderName, 'thumbBorder_');
		txtadd(thumbBorderName, %1);
		txtadd(thumbBorderName, '_thumbnailsBar_theme02');
		
		if(layer[thumbnailBorderSource_thumbnailsBar_theme02].url,
			set(layer[get(thumbBorderName)].crop, get(layer[thumbnailBorderSource_thumbnailsBar_theme02].cropDefault));
			set(layer[get(thumbBorderName)].onovercrop, get(layer[thumbnailBorderSource_thumbnailsBar_theme02].cropHover));
			set(layer[get(thumbBorderName)].ondowncrop, get(layer[thumbnailBorderSource_thumbnailsBar_theme02].cropHover));
			set(layer[get(thumbBorderName)].tooltip, %2);
				set(layer[get(thumbBorderName)].onhover, showTooltip('plugin'));
				set(layer[get(thumbBorderName)].onout, hideTooltip());
		,
			set(layer[get(thumbBorderName)].bgcolor, get(layer[thumbnailBorderSource_thumbnailsBar_theme02].borderColorDefault));
			set(layer[get(thumbBorderName)].bgalpha, get(layer[thumbnailBorderSource_thumbnailsBar_theme02].borderAlphaDefault));
				set(layer[get(thumbName)].tooltip, %2);
				set(layer[get(thumbName)].onhover, showTooltip('plugin'));
			
			set(layer[get(thumbName)].onover, 
				set(layer[get(parent)].bgcolor, get(layer[thumbnailBorderSource_thumbnailsBar_theme02].borderColorHover));
				set(layer[get(parent)].bgalpha, get(layer[thumbnailBorderSource_thumbnailsBar_theme02].borderAlphaHover));
			);
			
			set(layer[get(thumbName)].onout, 
				set(layer[get(parent)].bgcolor, get(layer[thumbnailBorderSource_thumbnailsBar_theme02].borderColorDefault));
				set(layer[get(parent)].bgalpha, get(layer[thumbnailBorderSource_thumbnailsBar_theme02].borderAlphaDefault));
				hideTooltip();
			);
		);
	
	</action>
	
	
	<action name="highlightCurrentThumb_thumbnailsBar_theme02">
			delayedcall(0.1,highlightThumb_thumbnailsBar_theme02(get(xml.scene)));
	</action>
	
	
	<action name="highlightThumb_thumbnailsBar_theme02">
	
		set(thumbBorderName, 'thumbBorder_');
		txtadd(thumbBorderName, %1);
		txtadd(thumbBorderName, '_thumbnailsBar_theme02');
		
		if(layer[thumbnailBorderSource_thumbnailsBar_theme02].url,
			set(layer[get(thumbBorderName)].crop, get(layer[thumbnailBorderSource_thumbnailsBar_theme02].cropSelected));
			set(layer[get(thumbBorderName)].onovercrop, get(layer[thumbnailBorderSource_thumbnailsBar_theme02].cropSelected));
			set(layer[get(thumbBorderName)].ondowncrop, get(layer[thumbnailBorderSource_thumbnailsBar_theme02].cropSelected));
		,
			set(thumbName, 'thumb_');
			txtadd(thumbName, %1);
			txtadd(thumbName, '_thumbnailsBar_theme02');
			
			set(layer[get(thumbBorderName)].bgcolor, get(layer[thumbnailBorderSource_thumbnailsBar_theme02].borderColorSelected));
			set(layer[get(thumbBorderName)].bgalpha, get(layer[thumbnailBorderSource_thumbnailsBar_theme02].borderAlphaSelected));
			
			set(layer[get(thumbName)].onover, "");
			set(layer[get(thumbName)].onout, hideTooltip(););
		);

		scrollToThumb_thumbnailsBar_theme02(%1);
	</action>
	
	
	<action name="scrollToCurrentThumb_thumbnailsBar_theme02">
			scrollToThumb_thumbnailsBar_theme02(get(xml.scene));
	</action>
	
	
	<action name="scrollToThumb_thumbnailsBar_theme02">
		
		set(thumbName, 'thumb_');
		set(thumbBorderName, 'thumbBorder_');
		
		txtadd(thumbName, %1);
		txtadd(thumbName, '_thumbnailsBar_theme02');
		txtadd(thumbBorderName, %1);
		txtadd(thumbBorderName, '_thumbnailsBar_theme02');

			set(posX_thumbnailsBar_theme02, 0);
			if(layer[thumbnailBorderSource_thumbnailsBar_theme02].url,
				div(halfThumbWidth_thumbnailsBar_theme02, get(layer[get(thumbName)].width), 2);
				ifnot(layer[scrollAreaContainer_thumbnailsBar_theme02].adjustToContent,
					add(posX_thumbnailsBar_theme02, get(layer[get(thumbName)].x), get(halfThumbWidth_thumbnailsBar_theme02));
				);
				if(layer[thumbsScrollArea_thumbnailsBar_theme02].scrolltocenter,
					layer[thumbsScrollArea_thumbnailsBar_theme02].scrolltocenter(get(posX_thumbnailsBar_theme02), 0);
				);
			,
				div(halfThumbWidth_thumbnailsBar_theme02, get(layer[get(thumbBorderName)].width), 2);
				ifnot(layer[scrollAreaContainer_thumbnailsBar_theme02].adjustToContent,
					add(posX_thumbnailsBar_theme02, get(layer[get(thumbBorderName)].x), get(halfThumbWidth_thumbnailsBar_theme02));
				);
				if(layer[thumbsScrollArea_thumbnailsBar_theme02].scrolltocenter,
					layer[thumbsScrollArea_thumbnailsBar_theme02].scrolltocenter(get(posX_thumbnailsBar_theme02), 0);
				);
			);
		
	</action>
	





<!-- ********** -->
<!-- Context menu -->
<!-- id : contextmenu -->
<!-- ********** -->
  <contextmenu fullscreen="false" versioninfo="false" touch="true">
    <item name="normal"        onclick="setViewNormal();
" separator="true"/>
    <item name="fisheye"       onclick="setViewFisheye();
"/>
    <item name="architectural" onclick="setViewArchitectural();
"/>
    <item name="littleplanet"  onclick="setViewLittlePlanet();
"/>
    <item name="fullscreenentry" onclick="enterFullscreen();
" separator="true"/>
  </contextmenu>

  <events name="contextmenuevents" keep="true" 
    onenterfullscreen="updateContextMenu" onexitfullscreen="updateContextMenu" 
    onxmlcomplete="updateContextMenu" 
    changetourlanguage="updateContextMenu" 
    />
  <events name="contextmenuvrevents" keep="true" 
    onvravailable="updateContextMenu();" onvrunavailable="updateContextMenu();"
    devices="html5"
    />
  <action name="updateContextMenu">
    getmessage(contextmenu.item[normal].caption, contextmenunormallabel);
    getmessage(contextmenu.item[architectural].caption, contextmenuarchitecturallabel);
    set(sceneisfull360, false);
    if(scene[get(xml.scene)].full360,
      sub(viewhfov, panoview.hmax, panoview.hmin);
      if (viewhfov == 360,
        sub(viewvfov, panoview.vmax, panoview.vmin);
        if (viewvfov == 180,
          set(sceneisfull360, true);
        );
      );
    );
    if (sceneisfull360 AND (device.webgl OR device.flash),
      set(contextmenu.item[fisheye].visible, true);
      getmessage(contextmenu.item[fisheye].caption, contextmenufisheyelabel);
      set(contextmenu.item[littleplanet].visible, true);
      getmessage(contextmenu.item[littleplanet].caption, contextmenulittleplanetlabel);
    ,
      set(contextmenu.item[fisheye].visible, false);
      set(contextmenu.item[littleplanet].visible, false);
    );
    if (device.fullscreensupport,
      if(tour_fullscreen,
        getmessage(contextmenu.item[fullscreenentry].caption, contextmenucloseFsLabel);
        set(contextmenu.item[fullscreenentry].onclick, exitFullscreen();
);
       ,
        getmessage(contextmenu.item[fullscreenentry].caption, contextmenuopenFsLabel);
        set(contextmenu.item[fullscreenentry].onclick, enterFullscreen();
);
      );
     ,
      set(contextmenu.item[fullscreenentry].visible, false);
    );
  </action>

<!-- ********** -->
<!-- Progress Bar and Loopings -->
<!-- id : progressbar -->
<!-- ********** -->

  <progress showwait.flash="loopings(
				0xffffff,
				15,15,
				0,0,
				0xffffff,0,
				0,0,center
				)"
			showreloads.flash="false"
			parent=""
			/>


  <layer name="progressbar_bg"
    align="bottom"
    bgcolor="0xffffff"
    bgalpha="1.0"
    bgborder="0"
    onclick="progressbar_stop();"
    enabled="true"
    handcursor="false"
    bgcapture="true"
    x="0" y="0"
    type="container"
    width="100%" height="5"
    visible="true"
    keep="true">
      <layer name="progressbar_bar" 
        align="topleft"
        bgcolor="0x555555"
        bgalpha="1.0"
        x="0" y="0"
        type="container"
        width="0%"
        height="100%"
        enabled="false"
        keep="true"
        />
  </layer>
  <action name="progressbar_start">
    if(scene[get(xml.scene)].video,
      progressbar_stop();
    ,
      mul(progress_val, get(progress.progress), 100);
      txtadd(progress_percent, get(progress_val),"%");
      set(layer[progressbar_bar].width, get(progress_percent));
    if (device.html5, 
      mul(xcrop, layer[progressbarwheel].frame, 64);
      txtadd(layer[progressbarwheel].crop, get(xcrop), '|0|64|64');
      
      inc(layer[progressbarwheel].frame);
      if(layer[progressbarwheel].frame GE layer[progressbarwheel].frames, set(layer[progressbarwheel].frame,0));
    );
      delayedcall(progressbar_progresscall, 0.1,progressbar_start());
      if(progress_val == 100,
        progressbar_stop();
      );
    );
  </action>
  <action name="progressbar_stop">
    stopdelayedcall(progressbar_progresscall);
    set(layer[progressbar_bg].visible, false);
    set(layer[progressbar_bar].width, "0%");
    if (device.html5, set(layer[progressbarwheel].visible, false););
  </action>
  <events name="progressbar_events" onloadcomplete="progressbar_stop();" onxmlcomplete="if (device.html5,set(layer[progressbarwheel].visible, true););set(layer[progressbar_bg].visible, true);progressbar_start();" keep="true" />

  <!-- loading wheel -->
  <layer name="progressbarwheel"
         keep="true"
         devices="html5"
         visible="false"
         url="%FIRSTXML%/graphics/progressbarandloopings/loadingwheel.png"
         crop="0|0|64|64"
         align="center"
         x="0" y="0"
         frame="0" frames="12"
         width="30"
         height="30" />

<!-- ********** -->
<!-- Panorama Title -->
<!-- id : title -->
<!-- ********** -->

  <events name="title_events" 
    onTourStart="showtitle();"
    hidetourcontrols="hidetitle();" 
    showtourcontrols="showtitle();" 
    onnewpano="updatetitle();"
    changetourlanguage="changeLanguagetitle"
    keep="true" />

  <action name="hidetitle">set(layer[title].visible, false);</action>
  <action name="showtitle">set(layer[title].visible, true );</action>

  <action name="changeLanguagetitle">
    updatetitle();
  </action>

  <action name="updatetitle">
    getmessage(layer[title].html, get(scene[get(xml.scene)].titleid));
    escape(layer[title].html);
  </action>
  <layer name="title" keep="true" zorder="8"
         type="text"
         align="bottomleft" x="10" y="15"
         bg="false"
         bgborder="0"
         alpha="1"
         visible="false"
         capture="false" handcursor="false" enabled="false"
         interactivecontent="false" 
         css="text-align:left;
              color:#000000;
              font-family:Arial;
              font-size:28px;"/>

<action name="viewControlMoveUp">
	if(%1,
		if(%2,
			set(isfullvertical, false);
			ifnot(scene[get(xml.scene)].planar,
				sub(viewvfov, panoview.vmax, panoview.vmin);
				if (viewvfov == 180,
					set(isfullvertical, true);
				);
			);
			if(isfullvertical == false AND calc(view.vlookat-%2) LT view.vlookatmin,
				moveto(get(view.hlookat), get(view.vlookatmin));
			,
				moveto(get(view.hlookat), calc(view.vlookat-%2));
			);
		,
			set(vlookat_moveforce, -1);
			delayedcall(0.1, viewControlMoveVertStop());
		);
	,
		set(vlookat_moveforce, -1);
	);
</action>
<action name="viewControlMoveDown">
	if(%1,
		if(%2,
			set(isfullvertical, false);
			ifnot(scene[get(xml.scene)].planar,
				sub(viewvfov, panoview.vmax, panoview.vmin);
				if (viewvfov == 180,
					set(isfullvertical, true);
				);
			);
			if(sceneisfull360 == false AND calc(view.vlookat+%2) GT view.vlookatmax,
				moveto(get(view.hlookat), get(view.vlookatmax));
			,
				moveto(get(view.hlookat), calc(view.vlookat+%2));
			);
		,
			set(vlookat_moveforce, +1);
			delayedcall(0.1, viewControlMoveVertStop());
		);
	,
		set(vlookat_moveforce, +1);
	);
</action>
<action name="viewControlMoveLeft">
	if(%1,
		if(%2,
			set(isfullhorizontal, false);
			ifnot(scene[get(xml.scene)].planar,
				sub(viewhfov, panoview.hmax, panoview.hmin);
				if (viewhfov == 360,
					set(isfullhorizontal, true);
				);
			);
			if(isfullhorizontal == false AND calc(view.hlookat-%2) LT view.hlookatmin,
				moveto(get(view.hlookatmin), get(view.vlookat));
			,
				moveto(calc(view.hlookat-%2), get(view.vlookat));
			);
		,
			set(hlookat_moveforce, -1);
			delayedcall(0.1, viewControlMoveHoriStop());
		);
	,
		set(hlookat_moveforce, -1);
	);
</action>
<action name="viewControlMoveRight">
	if(%1,
		if(%2,
			set(isfullhorizontal, false);
			ifnot(scene[get(xml.scene)].planar,
				sub(viewhfov, panoview.hmax, panoview.hmin);
				if (viewhfov == 360,
					set(isfullhorizontal, true);
				);
			);
			if(isfullhorizontal == false AND calc(view.hlookat+%2) GT view.hlookatmax,
				moveto(get(view.hlookatmax), get(view.vlookat));
			,
				moveto(calc(view.hlookat+%2), get(view.vlookat));
			);
		,
			set(hlookat_moveforce, +1);
			delayedcall(0.1, viewControlMoveHoriStop());
			
		);
	,
		set(hlookat_moveforce, +1);
	);
</action>
<action name="viewControlMoveHoriStop">
	set(hlookat_moveforce, 0);
</action>
<action name="viewControlMoveVertStop">
	set(vlookat_moveforce, 0);
</action>

  <action name="enableGyroscope">
    changeGyroscopeState(true);
  </action>
  <action name="disableGyroscope">
    changeGyroscopeState(false);
  </action>


<action name="setViewNormal">
	stopSetViewTweens();
	if(current_view_isflat === true,
		setViewNonFlat(VFOV);
	);
	setViewNormalComplete();
</action>

<action name="setViewNormalComplete">
	set(view.fisheyefovlink, 0.5);
	set(view.fovmax, get(panoview.fovmax));
	tween(view.architectural, 0.0, distance(1.0, 0.45));
	tween(view.pannini, 0.0, distance(1.0, 0.45), easeOutQuad, if(panniniViewActivated,restoreViewFromPannini();););
	tween(view.vlookat, get(panoview.v), distance(90, 0.45));
	tween(view.fov, get(panoview.fov), distance(50, 0.45));
	tween(view.fisheye, 0.0, distance(1.0, 0.45),
		set(view.stereographic,false);
	);
</action>

<krpano normalViewActivated="true" />
<action name="stopSetViewTweens">
	stoptween(view.fov);
	stoptween(view.vlookat);
	stoptween(view.fisheye);
	stoptween(view.architectural);
	stoptween(view.pannini);
</action>

<action name="setViewLittlePlanet">
	set(sceneisfull360, false);
	if(scene[get(xml.scene)].full360,
		sub(viewhfov, panoview.hmax, panoview.hmin);
		if (viewhfov == 360,
			sub(viewvfov, panoview.vmax, panoview.vmin);
			if (viewvfov == 180,
				set(sceneisfull360, true);
			);
		);
	);
	if (sceneisfull360 AND (device.webgl OR device.flash),
		if(normalViewActivated,stopSetViewTweens(););
		if(current_view_isflat === true,
			setViewNonFlat(VFOV);
		);
		setViewLittlePlanetComplete();
	);
</action>

<action name="setViewLittlePlanetComplete">
	set(backtonormalfirst,false);
	if(view.pannini GE 1.0, set(backtonormalfirst,true));
	if(view.stereographic == false, set(backtonormalfirst,true));
	if(backtonormalfirst, hideTooltip();tween(view.fisheye, 0.0 ,distance(1.0, 0.25), easeOutQuad, WAIT); );
	set(view.stereographic, true);
	set(view.fisheyefovlink, 1.5);
	tween(view.architectural, 0.0, 0.25);
	tween(view.vlookat, 90, distance(179, 1.50));
	tween(view.pannini, 0.0, distance(1.0, 0.75), easeOutQuad, if(panniniViewActivated,restoreViewFromPannini();););
	if(panoview.fovmax LE 150, set(view.fovmax, 150); , set(view.fovmax, get(panoview.fovmax)); );
	tween(view.fisheye, 1.0, distance(1.0, 0.75));
	tween(view.fov, 150, distance(179, 0.75));
</action>

  <!-- Hide / Show Controls -->
  <action name="hideTourControls">set(tour_displaycontrols, false);events.dispatch(hidetourcontrols);</action>
  <action name="showTourControls">set(tour_displaycontrols, true); events.dispatch(showtourcontrols);</action>


<action name="viewControlZoomIn">
	if(%1,
		if(%2,
			if(%2 LT view.fovmin,
				zoomto(get(view.fovmin));
			,
				if(%2 LT view.fov,
					zoomto(%2);
				);
			);
		,
			set(fov_moveforce, -1);
			delayedcall(0.1, viewControlZoomStop());
		);
	,
		set(fov_moveforce, -1);
	);
</action>
<action name="viewControlZoomOut">
	if(%1,
		if(%2,
			if(%2 GT view.fovmax,
				zoomto(get(view.fovmax));
			,
				if(%2 GT view.fov,
					zoomto(%2);
				);
			);
		,
			set(fov_moveforce, +1);
			delayedcall(0.1, viewControlZoomStop());
		);
	,
		set(fov_moveforce, +1);
	);
</action>
<action name="viewControlZoomStop">
	set(fov_moveforce, 0);
</action>

  <!-- Fullscreen Management -->
  <action name="exitFullScreen" devices="fullscreensupport">set(tour_fullscreen,false);set(fullscreen,false);</action>
  <action name="enterFullScreen" devices="fullscreensupport">set(tour_fullscreen,true);set(fullscreen,true);</action>
  <action name="switchFullScreen">if(tour_fullscreen,exitFullScreen();,enterFullScreen(););</action>

  
  <events name="krpanoExitFullscreenEvent"
    onexitfullscreen="if(tour_fullscreen,exitFullScreenChangeEvent(););"
    keep="true" />

  <action name="exitFullScreenChangeEvent" devices="fullscreensupport">set(tour_fullscreen,false);events.dispatch(onexitfullscreen);</action>

<action name="setViewArchitectural">
	if(normalViewActivated,stopSetViewTweens(););
	if(current_view_isflat === true,
		setViewNonFlat(VFOV);
	);
	setViewArchitecturalComplete();
</action>

<action name="setViewArchitecturalComplete">
	set(view.fovmax, get(panoview.fovmax));
	set(view.fisheyefovlink, 0.5);
	tween(view.architectural, 1.0, distance(1.0, 0.45));
	tween(view.pannini, 0.0, distance(1.0, 0.45), easeOutQuad, if(panniniViewActivated,restoreViewFromPannini();););
	tween(view.fisheye, 0.0, distance(1.0, 0.45), easeOutQuad, 
		set(view.stereographic,false);
		tween(view.vlookat, get(panoview.v), distance(90, 0.45));
	);
	tween(view.fov, get(panoview.fov), distance(50, 0.45));
</action>

<action name="setViewFisheye">
	set(sceneisfull360, false);
	if(scene[get(xml.scene)].full360,
		sub(viewhfov, panoview.hmax, panoview.hmin);
		if (viewhfov == 360,
			sub(viewvfov, panoview.vmax, panoview.vmin);
			if (viewvfov == 180,
				set(sceneisfull360, true);
			);
		);
	);
	if (sceneisfull360 AND (device.webgl OR device.flash),
		if(normalViewActivated,stopSetViewTweens(););
		if(current_view_isflat === true,
			setViewNonFlat(VFOV);
		);
		setViewFisheyeComplete();
	);
</action>

<action name="setViewFisheyeComplete">
	set(view.fisheyefovlink, 1.5);
	set(view.fovmax, get(panoview.fovmax));
	tween(view.architectural, 0.0, distance(1.0, 0.30));
	tween(view.fisheye, 0.0, distance(1.0, 0.30), easeOutQuad,
		set(view.stereographic,false);
		tween(view.fisheye, 0.45, distance(1.0, 0.75));
		tween(view.vlookat, get(panoview.v), distance(90, 0.45));
	);
	tween(view.pannini, 0.0, distance(1.0, 0.75), easeOutQuad, if(panniniViewActivated,restoreViewFromPannini();););
	tween(view.fov, get(panoview.fov), distance(50, 0.45));
</action>

</krpano>