<?xml version="1.0" encoding="UTF-8"?>
<krpano version="1.19-pr16"
        onstart="startup"
        logkey="false"
        bgcolor="#ffffff"
        projectfloorplanurl=""
        projecttitleid="project_title"
        projectdescriptionid="">


  <security cors="">
    <!--
    <crossdomainxml url="http://RESSOURCES_URL/crossdomain.xml" />
    -->
    <allowdomain domain="*" />
  </security>

  <krpano tour_firststartactiondone="false" />
  <events name="startbehavioursevents" onxmlcomplete="startbehavioursxmlcompleteaction();" keep="true"/>

  <!-- generated by Panotour Pro V2.5.14 64bits : 31-01-2022 12-04-35 -->
  <!-- Project file : C:/Users/USER/Desktop/kaniking/kaniking.kpt -->
  <!-- Plugins and Spot Styles -->
  <include url="%FIRSTXML%/index_skin.xml"/>
  <!-- Core actions -->
  <include url="%FIRSTXML%/index_core.xml"/>
  <!-- Tour Messages -->
  <include url="%FIRSTXML%/index_messages_ja.xml"/>

  <action name="startup">

    if (s !== null, if (startscene === null OR startscene === "undefined", set(startscene, get(s));); );
    if (startscene === null OR startscene === "undefined",
      set(startscene, pano728);
    );
    if(startlanguage !== null AND startlanguage !== "undefined",
      set(tour_language, get(startlanguage));
    );
    if(starttime !== null AND starttime !== "undefined" AND starttime GT 0,
      set(videoscenestarttime, get(starttime));
    ,
      set(videoscenestarttime, 0);
    );
    mainloadsceneStartup(get(startscene));
    if (h !== null,
      if (v !== null,
        if (f !== null,
          lookat(get(h), get(v), get(f));
         ,
          lookat(get(h), get(v));
        );
      ,
        if (f !== null,
          lookat(get(h), get(view.vlookat), get(f));
         ,
          lookat(get(h), get(view.vlookat));
        );
      );
    ,
      if (v !== null,
        if (f !== null,
          lookat(get(view.hlookat), get(v), get(f));
         ,
          lookat(get(view.hlookat), get(v));
        );
      ,
        if (f !== null,
          lookat(get(view.hlookat), get(view.vlookat), get(f));
        );
      );
    );
  </action>

  <!-- 5 Groups -->

  <!-- Group Group 729 : 1 panoramas -->
  
<!-- **** @PanoName="pano1_1" @PanoFile="C:/Users/USER/Desktop/pano1_1.jpg" **** -->
<!-- **** Width="7680px" Height="3840px" **** -->
<scene name="pano728"
       heading="0"
       thumburl="%FIRSTXML%/pano1_1_728/thumbnail.jpg"
       backgroundsound=""
       backgroundsoundloops="0"
       haspolygons="false"
       titleid="pano728_title"
       descriptionid=""
       multires="false"
       planar="false"
       full360="true"
       video="false"
       seen="false">
    <autorotate horizon="0.000000" tofov="90.000000" waittime="1" speed="5"/>
    <panoview h="0.000000" v="0.000000" fov="90.000000" hmin="-180" hmax="180" vmin="-90" vmax="90" fovmax="90" />
    <view fisheye="0"
          limitview="range"
          hlookatmin="-180"
          hlookatmax="180"
          vlookatmin="-90"
          vlookatmax="90"
          maxpixelzoom="1.0"
          fovtype="VFOV"
          fovmax="90"
          fov="90.000000"
          hlookat="0.000000"
          vlookat="0.000000"/>
    <preview url="%FIRSTXML%/pano1_1_728/preview.jpg" type="CUBESTRIP" striporder="FRBLUD" />
    <image type="CUBE" devices="desktop.or.html5">
      <front url="pano1_1_728/html5/0.jpg"/>
      <right url="pano1_1_728/html5/1.jpg"/>
      <back  url="pano1_1_728/html5/2.jpg"/>
      <left  url="pano1_1_728/html5/3.jpg"/>
      <up    url="pano1_1_728/html5/4.jpg"/>
      <down  url="pano1_1_728/html5/5.jpg"/>
    </image>
    <image type="CUBE" devices="tablet">
      <front url="pano1_1_728/tablet/0.jpg"/>
      <right url="pano1_1_728/tablet/1.jpg"/>
      <back  url="pano1_1_728/tablet/2.jpg"/>
      <left  url="pano1_1_728/tablet/3.jpg"/>
      <up    url="pano1_1_728/tablet/4.jpg"/>
      <down  url="pano1_1_728/tablet/5.jpg"/>
    </image>
    <image type="CUBE" devices="mobile">
      <front url="pano1_1_728/mobile/0.jpg"/>
      <right url="pano1_1_728/mobile/1.jpg"/>
      <back  url="pano1_1_728/mobile/2.jpg"/>
      <left  url="pano1_1_728/mobile/3.jpg"/>
      <up    url="pano1_1_728/mobile/4.jpg"/>
      <down  url="pano1_1_728/mobile/5.jpg"/>
    </image>




  <!-- **** 1 Point Spots **** -->



  <hotspot name="spotpoint738"
           ath="-167.965616" atv="42.848948"
           style="Icon移動用矢印"
           tag="point"
           descriptionid=""
           linktarget="pano730"
           onclick="onclickspotpoint738"
           />
  <hotspot name="spotpoint738" devices="flash" zorder="3"/>
  <hotspot name="spotpoint738" devices="html5" zorder="3" zorder2="1"/>
  <action name="onclickspotpoint738">
  
        mainloadscene(pano730);lookat(-165.649627, 3.566678, 122.259409);


  </action>



  <action name="hidepanopointspots">

    set(hotspot[spotpoint738].visible, false);
  </action>
  <action name="showpanopointspots">

  
  set(hotspot[spotpoint738].visible, true);
  </action>
  <events name="pano728stopanimatedspots" onremovepano="" />


  <action name="showpanospotsaction">
    if (tour_displayspots,
    showpanopointspots();
    );
  </action>
  <action name="hidepanospotsaction">
    hidepanopointspots();
  </action>



</scene>

  <!-- Group Group 731 : 1 panoramas -->
  
<!-- **** @PanoName="pano2_1" @PanoFile="C:/Users/USER/Desktop/pano2_1.jpg" **** -->
<!-- **** Width="7680px" Height="3840px" **** -->
<scene name="pano730"
       heading="0"
       thumburl="%FIRSTXML%/pano2_1_730/thumbnail.jpg"
       backgroundsound=""
       backgroundsoundloops="0"
       haspolygons="false"
       titleid="pano730_title"
       descriptionid=""
       multires="false"
       planar="false"
       full360="true"
       video="false"
       seen="false">
    <autorotate horizon="0.000000" tofov="90.000000" waittime="1" speed="5"/>
    <panoview h="0.000000" v="0.000000" fov="90.000000" hmin="-180" hmax="180" vmin="-90" vmax="90" fovmax="90" />
    <view fisheye="0"
          limitview="range"
          hlookatmin="-180"
          hlookatmax="180"
          vlookatmin="-90"
          vlookatmax="90"
          maxpixelzoom="1.0"
          fovtype="VFOV"
          fovmax="90"
          fov="90.000000"
          hlookat="0.000000"
          vlookat="0.000000"/>
    <preview url="%FIRSTXML%/pano2_1_730/preview.jpg" type="CUBESTRIP" striporder="FRBLUD" />
    <image type="CUBE" devices="desktop.or.html5">
      <front url="pano2_1_730/html5/0.jpg"/>
      <right url="pano2_1_730/html5/1.jpg"/>
      <back  url="pano2_1_730/html5/2.jpg"/>
      <left  url="pano2_1_730/html5/3.jpg"/>
      <up    url="pano2_1_730/html5/4.jpg"/>
      <down  url="pano2_1_730/html5/5.jpg"/>
    </image>
    <image type="CUBE" devices="tablet">
      <front url="pano2_1_730/tablet/0.jpg"/>
      <right url="pano2_1_730/tablet/1.jpg"/>
      <back  url="pano2_1_730/tablet/2.jpg"/>
      <left  url="pano2_1_730/tablet/3.jpg"/>
      <up    url="pano2_1_730/tablet/4.jpg"/>
      <down  url="pano2_1_730/tablet/5.jpg"/>
    </image>
    <image type="CUBE" devices="mobile">
      <front url="pano2_1_730/mobile/0.jpg"/>
      <right url="pano2_1_730/mobile/1.jpg"/>
      <back  url="pano2_1_730/mobile/2.jpg"/>
      <left  url="pano2_1_730/mobile/3.jpg"/>
      <up    url="pano2_1_730/mobile/4.jpg"/>
      <down  url="pano2_1_730/mobile/5.jpg"/>
    </image>




  <!-- **** 2 Point Spots **** -->



  <hotspot name="spotpoint740"
           ath="59.656160" atv="46.290631"
           style="Icon移動用矢印"
           tag="point"
           descriptionid=""
           linktarget="pano728"
           onclick="onclickspotpoint740"
           />
  <hotspot name="spotpoint740" devices="flash" zorder="3"/>
  <hotspot name="spotpoint740" devices="html5" zorder="3" zorder2="1"/>
  <action name="onclickspotpoint740">
  
        mainloadscene(pano728);lookat(get(panoview.h), get(panoview.v), get(panoview.fov));


  </action>





  <hotspot name="spotpoint743"
           ath="-121.891117" atv="34.588910"
           style="Icon移動用矢印"
           tag="point"
           descriptionid=""
           linktarget="pano732"
           onclick="onclickspotpoint743"
           />
  <hotspot name="spotpoint743" devices="flash" zorder="3"/>
  <hotspot name="spotpoint743" devices="html5" zorder="3" zorder2="1"/>
  <action name="onclickspotpoint743">
  
        mainloadscene(pano732);lookat(172.350000, -8.100000, 90.000000);


  </action>



  <action name="hidepanopointspots">

    set(hotspot[spotpoint740].visible, false);

    set(hotspot[spotpoint743].visible, false);
  </action>
  <action name="showpanopointspots">

  
  set(hotspot[spotpoint740].visible, true);

  
  set(hotspot[spotpoint743].visible, true);
  </action>
  <events name="pano730stopanimatedspots" onremovepano="" />


  <action name="showpanospotsaction">
    if (tour_displayspots,
    showpanopointspots();
    );
  </action>
  <action name="hidepanospotsaction">
    hidepanopointspots();
  </action>



</scene>

  <!-- Group Group 733 : 1 panoramas -->
  
<!-- **** @PanoName="pano3_1" @PanoFile="C:/Users/USER/Desktop/pano3_1.jpg" **** -->
<!-- **** Width="7680px" Height="3840px" **** -->
<scene name="pano732"
       heading="0"
       thumburl="%FIRSTXML%/pano3_1_732/thumbnail.jpg"
       backgroundsound=""
       backgroundsoundloops="0"
       haspolygons="false"
       titleid="pano732_title"
       descriptionid=""
       multires="false"
       planar="false"
       full360="true"
       video="false"
       seen="false">
    <autorotate horizon="0.000000" tofov="90.000000" waittime="1" speed="5"/>
    <panoview h="0.000000" v="0.000000" fov="90.000000" hmin="-180" hmax="180" vmin="-90" vmax="90" fovmax="90" />
    <view fisheye="0"
          limitview="range"
          hlookatmin="-180"
          hlookatmax="180"
          vlookatmin="-90"
          vlookatmax="90"
          maxpixelzoom="1.0"
          fovtype="VFOV"
          fovmax="90"
          fov="90.000000"
          hlookat="0.000000"
          vlookat="0.000000"/>
    <preview url="%FIRSTXML%/pano3_1_732/preview.jpg" type="CUBESTRIP" striporder="FRBLUD" />
    <image type="CUBE" devices="desktop.or.html5">
      <front url="pano3_1_732/html5/0.jpg"/>
      <right url="pano3_1_732/html5/1.jpg"/>
      <back  url="pano3_1_732/html5/2.jpg"/>
      <left  url="pano3_1_732/html5/3.jpg"/>
      <up    url="pano3_1_732/html5/4.jpg"/>
      <down  url="pano3_1_732/html5/5.jpg"/>
    </image>
    <image type="CUBE" devices="tablet">
      <front url="pano3_1_732/tablet/0.jpg"/>
      <right url="pano3_1_732/tablet/1.jpg"/>
      <back  url="pano3_1_732/tablet/2.jpg"/>
      <left  url="pano3_1_732/tablet/3.jpg"/>
      <up    url="pano3_1_732/tablet/4.jpg"/>
      <down  url="pano3_1_732/tablet/5.jpg"/>
    </image>
    <image type="CUBE" devices="mobile">
      <front url="pano3_1_732/mobile/0.jpg"/>
      <right url="pano3_1_732/mobile/1.jpg"/>
      <back  url="pano3_1_732/mobile/2.jpg"/>
      <left  url="pano3_1_732/mobile/3.jpg"/>
      <up    url="pano3_1_732/mobile/4.jpg"/>
      <down  url="pano3_1_732/mobile/5.jpg"/>
    </image>




  <!-- **** 3 Point Spots **** -->



  <hotspot name="spotpoint744"
           ath="11.862464" atv="38.030593"
           style="Icon移動用矢印"
           tag="point"
           descriptionid=""
           linktarget="pano730"
           onclick="onclickspotpoint744"
           />
  <hotspot name="spotpoint744" devices="flash" zorder="3"/>
  <hotspot name="spotpoint744" devices="html5" zorder="3" zorder2="1"/>
  <action name="onclickspotpoint744">
  
        mainloadscene(pano730);lookat(102.150000, 21.600000, 90.000000);


  </action>





  <hotspot name="spotpoint746"
           ath="-161.776504" atv="10.841300"
           style="Icon移動用矢印"
           tag="point"
           descriptionid=""
           linktarget="pano734"
           onclick="onclickspotpoint746"
           />
  <hotspot name="spotpoint746" devices="flash" zorder="3"/>
  <hotspot name="spotpoint746" devices="html5" zorder="3" zorder2="1"/>
  <action name="onclickspotpoint746">
  
        mainloadscene(pano734);lookat(get(panoview.h), get(panoview.v), get(panoview.fov));


  </action>





  <hotspot name="spotpoint748"
           ath="-177.593123" atv="4.990440"
           style="Icon移動用矢印"
           tag="point"
           descriptionid=""
           linktarget="pano736"
           onclick="onclickspotpoint748"
           />
  <hotspot name="spotpoint748" devices="flash" zorder="3"/>
  <hotspot name="spotpoint748" devices="html5" zorder="3" zorder2="1"/>
  <action name="onclickspotpoint748">
  
        mainloadscene(pano736);lookat(-154.800000, 7.650000, 90.000000);


  </action>



  <action name="hidepanopointspots">

    set(hotspot[spotpoint744].visible, false);

    set(hotspot[spotpoint746].visible, false);

    set(hotspot[spotpoint748].visible, false);
  </action>
  <action name="showpanopointspots">

  
  set(hotspot[spotpoint744].visible, true);

  
  set(hotspot[spotpoint746].visible, true);

  
  set(hotspot[spotpoint748].visible, true);
  </action>
  <events name="pano732stopanimatedspots" onremovepano="" />


  <action name="showpanospotsaction">
    if (tour_displayspots,
    showpanopointspots();
    );
  </action>
  <action name="hidepanospotsaction">
    hidepanopointspots();
  </action>



</scene>

  <!-- Group Group 735 : 1 panoramas -->
  
<!-- **** @PanoName="pano4_1" @PanoFile="C:/Users/USER/Desktop/pano4_1.jpg" **** -->
<!-- **** Width="7680px" Height="3840px" **** -->
<scene name="pano734"
       heading="0"
       thumburl="%FIRSTXML%/pano4_1_734/thumbnail.jpg"
       backgroundsound=""
       backgroundsoundloops="0"
       haspolygons="false"
       titleid="pano734_title"
       descriptionid=""
       multires="false"
       planar="false"
       full360="true"
       video="false"
       seen="false">
    <autorotate horizon="0.000000" tofov="90.000000" waittime="1" speed="5"/>
    <panoview h="0.000000" v="0.000000" fov="90.000000" hmin="-180" hmax="180" vmin="-90" vmax="90" fovmax="90" />
    <view fisheye="0"
          limitview="range"
          hlookatmin="-180"
          hlookatmax="180"
          vlookatmin="-90"
          vlookatmax="90"
          maxpixelzoom="1.0"
          fovtype="VFOV"
          fovmax="90"
          fov="90.000000"
          hlookat="0.000000"
          vlookat="0.000000"/>
    <preview url="%FIRSTXML%/pano4_1_734/preview.jpg" type="CUBESTRIP" striporder="FRBLUD" />
    <image type="CUBE" devices="desktop.or.html5">
      <front url="pano4_1_734/html5/0.jpg"/>
      <right url="pano4_1_734/html5/1.jpg"/>
      <back  url="pano4_1_734/html5/2.jpg"/>
      <left  url="pano4_1_734/html5/3.jpg"/>
      <up    url="pano4_1_734/html5/4.jpg"/>
      <down  url="pano4_1_734/html5/5.jpg"/>
    </image>
    <image type="CUBE" devices="tablet">
      <front url="pano4_1_734/tablet/0.jpg"/>
      <right url="pano4_1_734/tablet/1.jpg"/>
      <back  url="pano4_1_734/tablet/2.jpg"/>
      <left  url="pano4_1_734/tablet/3.jpg"/>
      <up    url="pano4_1_734/tablet/4.jpg"/>
      <down  url="pano4_1_734/tablet/5.jpg"/>
    </image>
    <image type="CUBE" devices="mobile">
      <front url="pano4_1_734/mobile/0.jpg"/>
      <right url="pano4_1_734/mobile/1.jpg"/>
      <back  url="pano4_1_734/mobile/2.jpg"/>
      <left  url="pano4_1_734/mobile/3.jpg"/>
      <up    url="pano4_1_734/mobile/4.jpg"/>
      <down  url="pano4_1_734/mobile/5.jpg"/>
    </image>




  <!-- **** 1 Point Spots **** -->



  <hotspot name="spotpoint747"
           ath="108.481375" atv="58.680688"
           style="Icon移動用矢印"
           tag="point"
           descriptionid=""
           linktarget="pano732"
           onclick="onclickspotpoint747"
           />
  <hotspot name="spotpoint747" devices="flash" zorder="3"/>
  <hotspot name="spotpoint747" devices="html5" zorder="3" zorder2="1"/>
  <action name="onclickspotpoint747">
  
        mainloadscene(pano732);lookat(16.200000, 18.450000, 90.000000);


  </action>



  <action name="hidepanopointspots">

    set(hotspot[spotpoint747].visible, false);
  </action>
  <action name="showpanopointspots">

  
  set(hotspot[spotpoint747].visible, true);
  </action>
  <events name="pano734stopanimatedspots" onremovepano="" />


  <action name="showpanospotsaction">
    if (tour_displayspots,
    showpanopointspots();
    );
  </action>
  <action name="hidepanospotsaction">
    hidepanopointspots();
  </action>



</scene>

  <!-- Group Group 737 : 1 panoramas -->
  
<!-- **** @PanoName="pano5_1" @PanoFile="C:/Users/USER/Desktop/pano5_1.jpg" **** -->
<!-- **** Width="7680px" Height="3840px" **** -->
<scene name="pano736"
       heading="0"
       thumburl="%FIRSTXML%/pano5_1_736/thumbnail.jpg"
       backgroundsound=""
       backgroundsoundloops="0"
       haspolygons="false"
       titleid="pano736_title"
       descriptionid=""
       multires="false"
       planar="false"
       full360="true"
       video="false"
       seen="false">
    <autorotate horizon="0.000000" tofov="90.000000" waittime="1" speed="5"/>
    <panoview h="0.000000" v="0.000000" fov="90.000000" hmin="-180" hmax="180" vmin="-90" vmax="90" fovmax="90" />
    <view fisheye="0"
          limitview="range"
          hlookatmin="-180"
          hlookatmax="180"
          vlookatmin="-90"
          vlookatmax="90"
          maxpixelzoom="1.0"
          fovtype="VFOV"
          fovmax="90"
          fov="90.000000"
          hlookat="0.000000"
          vlookat="0.000000"/>
    <preview url="%FIRSTXML%/pano5_1_736/preview.jpg" type="CUBESTRIP" striporder="FRBLUD" />
    <image type="CUBE" devices="desktop.or.html5">
      <front url="pano5_1_736/html5/0.jpg"/>
      <right url="pano5_1_736/html5/1.jpg"/>
      <back  url="pano5_1_736/html5/2.jpg"/>
      <left  url="pano5_1_736/html5/3.jpg"/>
      <up    url="pano5_1_736/html5/4.jpg"/>
      <down  url="pano5_1_736/html5/5.jpg"/>
    </image>
    <image type="CUBE" devices="tablet">
      <front url="pano5_1_736/tablet/0.jpg"/>
      <right url="pano5_1_736/tablet/1.jpg"/>
      <back  url="pano5_1_736/tablet/2.jpg"/>
      <left  url="pano5_1_736/tablet/3.jpg"/>
      <up    url="pano5_1_736/tablet/4.jpg"/>
      <down  url="pano5_1_736/tablet/5.jpg"/>
    </image>
    <image type="CUBE" devices="mobile">
      <front url="pano5_1_736/mobile/0.jpg"/>
      <right url="pano5_1_736/mobile/1.jpg"/>
      <back  url="pano5_1_736/mobile/2.jpg"/>
      <left  url="pano5_1_736/mobile/3.jpg"/>
      <up    url="pano5_1_736/mobile/4.jpg"/>
      <down  url="pano5_1_736/mobile/5.jpg"/>
    </image>




  <!-- **** 1 Point Spots **** -->



  <hotspot name="spotpoint749"
           ath="18.739255" atv="62.810707"
           style="Icon移動用矢印"
           tag="point"
           descriptionid=""
           linktarget="pano732"
           onclick="onclickspotpoint749"
           />
  <hotspot name="spotpoint749" devices="flash" zorder="3"/>
  <hotspot name="spotpoint749" devices="html5" zorder="3" zorder2="1"/>
  <action name="onclickspotpoint749">
  
        mainloadscene(pano732);lookat(-7.650000, 3.150000, 90.000000);


  </action>



  <action name="hidepanopointspots">

    set(hotspot[spotpoint749].visible, false);
  </action>
  <action name="showpanopointspots">

  
  set(hotspot[spotpoint749].visible, true);
  </action>
  <events name="pano736stopanimatedspots" onremovepano="" />


  <action name="showpanospotsaction">
    if (tour_displayspots,
    showpanopointspots();
    );
  </action>
  <action name="hidepanospotsaction">
    hidepanopointspots();
  </action>



</scene>

  <krpano nofullspherepanoavailable="false" />



</krpano>

